-1426;celebrator nest company
-1427;university of nebraska at omaha
-7571;vestal, ny
-1430;after hours formalwear
-1431;lexington, ky
-7575;noven
-1432;washington d.c.
-1435;dpfa akademiegruppe
-1436;springer science+business media
-1437;the university of hong kong
-1438;comunica\u00e7\u00e3o social - publicidade e propaganda
-1439;franca/s\u00e3o paulo
-1441;m\u00fcnster
-7587;unisys
-7588;adidas ag
-7589;dhbw ravensburg
-1446;lmkr
-7590;transylvania university, lexington, ky
-1447;lancaster university
-1449;usa
-1450;marketing management
-1451;university of illinois
-7597;the mandelbrot project, inc.
-1454;st. louis
-1455;experimental psychology
-1456;harvard university
-7600;sma n 9 yogyakarta
-1457;\u043c\u043e\u0441\u043a\u0432\u0430, \u0441\u043b\u0430\u0432\u044f\u043d\u0441\u043a\u0438\u0439 \u0431\u0443\u043b\u044c\u0432\u0430\u0440
-1459;ball memorial hospital
-1461;writing
-1462;malaviya national institute of technology, jaipur
-7607;chittorgarh
-1464;indian institute of technology kanpur
-7608;orange county, ca
-1467;vectro
-1468;mise en place
-7612;\u5e02\u7acb\u660e\u6e56\u570b\u4e2d
-1470;katholieke hogeschool leuven
-7614;\u5e02\u7acb\u660e\u6e56\u570b\u5c0f
-1471;dhl
-1472;duque de caxias
-1474;gest\u00e3o de pessoas
-1475;fgv
-1476;ag\u00eancia cravo
-1478;addis ababa
-1479;mechanical
-1480;noida
-1481;yamuna nagar
-1482;kurukshetra
-1484;national institute of technology, kurukshetra
-1485;bucharest, romania
-1486;udine
-1487;leeds
-1490;duocuc
-1491;publicidad
-7636;ving ystad
-1494;computer technology
-1495;university of baguio
-1496;texas instruments (philippines) inc
-7640;ving syd\u00f6st
-1500;blind eye designs
-1502;music education
-7648;palotina
-7651;international center of photography
-7652;boa vista da aparecida
-1512;macon, ga
-1513;sao paulo, brazil
-1514;fortaleza, brazil
-1515;boston, ma, usa
-1516;seoul, korea
-7660;greenlake (seattle), wa
-1517;georgia tech
-7661;bellevue, wa
-1518;nuclear engineering
-1520;rolde
-1521;hemrik
-1522;zernike college
-1523;atheneum met nt-profiel
-1524;\u05d8\u05dc \u05d1\u05df \u05d0\u05e8\u05d9
-1525;tourfactory
-1526;san rafael, california
-1528;shawnigan lake, bc
-1530;doha, qatar
-1532;napa, california
-1533;saanichton, bc
-7677;us
-1534;vellore institute of technology
-7679;ashland, wi
-1536;narasaraopet
-7680;wps health insurance
-1539;-
-7683;johnson creek, wi
-1541;\u0e01\u0e07\u0e25\u0e35\u0e49\u0e08\u0e07\u0e0b\u0e31\u0e19
-7685;singhania school, kanpur
-1542;\u0e1a\u0e31\u0e0d\u0e0a\u0e35
-7687;\u0441\u0444\u0443
-1544;\u0e1e\u0e13\u0e34\u0e0a\u0e22\u0e01\u0e32\u0e23\u0e23\u0e32\u0e0a\u0e14\u0e33\u0e40\u0e19\u0e34\u0e19-\u0e18\u0e19\u0e1a\u0e38\u0e23\u0e35
-1545;bangkok
-1546;\u0e21\u0e2b\u0e32\u0e27\u0e34\u0e17\u0e22\u0e32\u0e25\u0e31\u0e22\u0e23\u0e32\u0e0a\u0e0e\u0e31\u0e04\u0e1a\u0e49\u0e32\u0e19\u0e2a\u0e21\u0e40\u0e14\u0e47\u0e08\u0e40\u0e08\u0e49\u0e32\u0e1e\u0e23\u0e30\u0e22\u0e32
-1547;eric mower and associates
-1548;the mony group
-7696;pimpri chinchwad college of engineering
-1554;acreative spark
-1556;louisiana state university
-1558;insperity
-7702;ludwig computer, softworks ag
-1563;university of utah
-1566;laie, hi
-7710;digital art & design
-1567;ics-anthropology
-1568;seoul, south korea
-1571;brigham young university hawaii
-1572;long beach, ca
-1576;fort collins, co
-1578;\u6cf0\u5dde
-1579;western kentucky university
-1581;news-line publishing
-1583;(bs) information science and technology
-1584;headline promotions
-1585;bca
-7729;keane inc
-1586;srm institute of science and technology
-1588;psicolog\u00eda
-1589;\u00fcnye
-1590;ankara
-1592;tesco
-1594;salford
-1595;conductive marketing
-7739;den haag, niederlande
-1596;seattle central community college
-1601;usa,lincoln,ne
-7745;\u0432\u043c\u043a \u0438\u0442
-1602;saudi arabia, riyadh
-1603;university of nebraska\u2013lincoln
-1604;cs
-7749;westminster schools
-1606;birla institute of technology & science, pilani
-7750;xerox
-1607;24/7 customer
-1608;kendall park, nj
-1610;ann arbor, michigan
-7754;spire structural engineering
-1611;santa barbara, california
-1612;cal state san marcos
-1615;political science
-1616;ucf
-1618;pre med
-7762;berrien springs, mi
-1619;lisle, il
-1620;ensighten
-1622;independent consultant
-1624;stratigent
-1625;champaign, il
-1626;university of illinoise at springfield
-1627;geneva, il
-1628;mountain view, ca
-1629;aerospace engineering
-7774;srh
-1631;communications and drama
-7775;informatik - game development
-1632;georgia highlands college
-7777;techlogix
-1635;\u043a\u043e\u043c\u043f\u044c\u044e\u0442\u0435\u0440\u0438\u0437\u0438\u0440\u043e\u0432\u0430\u043d\u043d\u044b\u0435 \u0441\u0438\u0441\u0442\u0435\u043c\u044b, \u0430\u0432\u0442\u043e\u043c\u0430\u0442\u0438\u043a\u0430 \u0438 \u0443\u043f\u0440\u0430\u0432\u043b\u0435\u043d\u0438\u0435
-7779;bs in computer science
-7780;thiagarajar college of engineering
-1637;simi valley high school
-1638;oh, you know... a bit of this, a bit of that. more of this. less of that.
-1640;prestwick academy
-7784;amadori
-1642;salwan higher sec school
-7786;r v college of engg
-1643;inman's total electronics
-1644;st. genevieve, mo
-1646;cassville, wi
-1648;rural high-speed solutions
-1649;chippewa falls, wi
-1650;puxico, mo
-7794;arany j\u00e1nos \u00e1ltal\u00e1nos iskola \u00e9s gimn\u00e1zium
-1651;fountain city, wi
-7799;god's own - kerala, india
-1656;carpentry
-1657;cape girardeau, mo
-1658;south africa
-1660;diplomado crossmedia avanzado
-1661;t a f s delhi
-1663;k v hebbal
-1664;info science
-1668;b.e
-1669;karimnagar
-1672;rohtak
-1673;plainsboro, nj
-1674;umass
-1675;simon's rock
-1681;rutgers
-1686;new york university school of law
-1687;self
-7831;springfield, mo
-1690;licenciada en estudios internacionales
-1692;maestr\u00eda en administraci\u00f3n y pol\u00edticas p\u00fablicas
-1693;voxeo
-1694;\u9999\u6e2f
-1695;delhi public school
-1698;patna
-1699;real time interactive simulation
-1700;digipen institute of technology
-1703;hcm university of technology
-1704;hue city , viet nam
-7849;aglasterhausen
-1707;hcm city
-1708;\u0431\u0442\u0431\u0438\u043f
-1711;about:blank
-7855;universitatea \u201epolitehnica\u201d din timi\u0219oara
-1712;hogeschool van amsterdam
-1713;gamma koog aan de zaan
-1715;informatica - user experience design
-1716;2. bg 19
-1717;continental airlines
-1718;borders books and music
-1720;clarksville, tn
-1721;united airlines
-7865;amerikanistiek
-1723;mesa, arizona
-1724;daleville, al
-7872;\u043d\u043e\u0432\u043e\u0441\u0438\u0431\u0438\u0440\u0441\u043a
-1729;new delhi, india
-1732;fast retailing
-1736;iot
-1737;network support technician
-1738;lahore
-7882;comunica\u00e7\u00e3o social \u2013 publicidade e propaganda
-1741;tampere university of technology
-1744;klinikum schwabing, m\u00fcnchen
-1745;handwerkskammer f\u00fcr schwaben, augsburg
-1746;right soltions
-1747;film and media/ art practice
-1748;gainesville, florida
-1749;ft. lauderdale, florida
-1750;boynton beach, florida
-1751;tampa, florida
-7896;omaha, nebraska
-1756;aberdeen, scotland, uk
-1757;psychology, neuroscience
-1759;houston, texas
-1760;springfield, illinois
-1761;london, england, uk
-1762;backgate inc.
-1763;computer science engineering
-7907;universit\u00e9 de poitiers
-1764;zaria
-1767;guruvayoor
-1769;ahmedabad
-7913;institut catholique d'\u00e9tudes sup\u00e9rieures
-1770;computer science, physics, chemistry, math
-1772;sonata software ltd
-1773;eee
-1775;\u0431\u0430\u0440\u0441\u0435\u043b\u043e\u043d\u0430
-1778;glen burnie, md
-7923;bs it
-1780;morton, illinois
-1781;bloomington, illinois
-1782;english-writing, french
-1783;morton public library
-1785;library science
-1786;uiuc graduate school of library and information science
-1795;lokalavisene oslo
-1796;carolina population center
-1797;\u00f8stkantavisa
-7942;lyc\u00e9e lakanal
-1801;daytona beach, fl
-1802;williamstown, ma
-1806;communication
-7950;almog-shapira, law offices
-1807;ute & inne, hjemmet mortensen
-1810;web development
-1811;manchester city college
-1812;university of salford
-1816;telerx
-1817;american university in bulgaria
-1819;capital weekly
-1820;journalism and mass communications
-1821;sofia
-1824;mesa, az
-7968;business law
-1829;northeastern university
-7973;radio/television/film
-1831;aquaspace shanghai
-1832;tbilisi
-1833;maribor
-7978;sairam engg college
-7980;kheragarh,gwalior
-1837;yodlee
-1838;duke university
-1840;university of virginia
-1841;biology/pre-med
-1842;master of business adminstration
-1843;alliance business school
-7988;22040
-1847;ahmedabad, gujarat
-1848;dehra dun, uttaranchal
-1849;bachelor of computer application
-1850;bangalore, karnataka
-7996;h\u00e4ssleholms tekniska skola
-1853;st. fatima school
-1854;helwan unniversity
-1855;b.tech- it
-1857;lic. computacion
-1858;universidad central de venezuela
-1861;melbourne
-8005;metalurji ve malzeme m\u00fchendisli\u011fi
-1862;\u5e7f\u5dde
-1863;sun yat-sen university
-1864;\u5353\u671b\u4fe1\u606f\u6280\u672f\uff08\u5317\u4eac\uff09\u6709\u9650\u516c\u53f8
-8008;y\u0131ld\u0131z technical university
-1865;cardiff university
-8012;harding marketing
-1870;dost-erdt
-1871;los ba\u00f1os, laguna, philippines
-1872;batavia, ny
-1877;la
-1880;phoenix, arizona
-8024;university college dublin - national university of ireland, dublin
-1882;yzu
-8027;st. eunan's college
-1884;yangzhou
-1890;ust global
-1891;india
-1893;shillong
-1897;bareilly
-8041;urbanetix
-1898;invertis univesity
-1899;\u0438\u0437\u0447\u0435\u0441\u043b\u0438\u0442\u0435\u043b\u043d\u0430 \u0442\u0435\u0445\u043d\u0438\u043a\u0430
-1901;\u043f\u0438\u043c\u0435 - \u0431\u043e\u0442\u0435\u0432\u0433\u0440\u0430\u0434
-8048;pink fish press
-1905;mca
-1906;cimat
-1908;pre degree
-8052;schenectady, ny, usa
-1909;kktm
-1910;bsc. polymer chemistry
-8054;highlands, new jersey, usa
-1911;samooham
-1912;\u0430\u0441\u0442\u0430\u043d\u0430
-8056;credit suisse first boston
-1914;ny
-1915;washington university in st. louis
-1916;university of chicago
-8061;miami beach senior high school
-1918;chicago
-1919;united neighborhood houses of ny
-1920;american medical association
-1921;santa fe community college
-1922;none.
-1923;derp
-1925;usa:dc, chicago, the bay & la
-1926;virgil venak
-1927;miami gardens
-1928;north miami beach
-1930;balco (interned)
-1931;indore
-8075;infineon, embustech,provab
-1932;information systems and operations management
-1933;idea cellular ltd.
-1936;bhel (interned)
-8080;texas shakespeare festival
-1938;apeejay school, nerul
-1939;\u0443\u043a\u0440\u0430\u0438\u043d\u0430, \u043a\u0438\u0435\u0432
-1943;liceo politecnico andes fundacion duoc
-1944;telecomunicaciones
-1945;santiasco
-8091;chidambaram, india
-1948;dublin city university
-8093;mountain view, california
-1951;carolina international school
-1953;reading education
-1954;columbia, missouri
-1955;bruxelles, belgium
-1956;germersheim, germany
-1957;interpr\u00e9tation
-1958;institut sup\u00e9rieur des traducteurs et interpr\u00e8tes
-1959;arndtconsulting
-1963;systeam
-8107;loma linda,ca
-1964;upplands v\u00e4sby
-8109;vidalia,ga
-1966;v\u00e4ster\u00e5s
-1967;datavetenskap
-1969;columbia mailman school of public health
-8115;ensino fundamental/m\u00e9dio
-1972;leeds metropolitan university
-1973;tecmark
-1975;ma media & journalism
-1976;newcastle
-1977;ba english literature
-1981;saratov
-8125;m3 creative
-1984;semanario latinoamericano argentina hoy
-8129;united states marines corps
-1986;instituto juan b. justo
-8130;chico, ca
-1988;mar del plata, argentina
-1990;secundaria
-1991;semanario latinoamericano am\u00e9rica hoy
-1995;buddy tech solutions
-1996;hudda infotech pvt. ltd
-8140;market communications
-2000;cartel software pvt. ltd
-2002;ifyn informatics pvt. ltd.
-2003;choudwar
-2005;cuttack
-2006;tigers credit union
-2007;university of missouri\u2013columbia
-2009;bucks new university
-2011;high wycombe
-2013;bettween.com
-2016;valuelabs
-2017;sri chaitanya jr college
-2018;mpc
-2019;sri kalahasthi
-2021;ece
-2024;culture convenience club co.,ltd.
-2025;business architects inc.
-2026;kanagawa
-2027;gree, inc.
-2030;sofia university
-8177;the london school of economics
-2034;sofia, bulgaria
-2038;bellevuew, wa, usa
-2039;northwestern university
-8183;\u5317\u4eac\u7535\u4fe1\u901a\u7535\u4fe1\u5de5\u7a0b\u6709\u9650\u516c\u53f8
-2040;university of pittsburgh at bradford
-2044;max ultimate food
-2046;dwn haag
-2047;netsociety
-2048;bah\u00e7e\u015fehir \u00fcniversitesi
-2049;end\u00fcstriyel elektronik
-8194;truckee, ca
-8195;incline village, nv
-2052;st.mary's inter college
-2054;haldia, india
-8199;telealar
-2058;varanasi, india
-2060;indian oil corporation
-2061;salvador - bahia
-2062;hongkong
-2065;tagore vidya bhawan
-2066;indian institute of technology roorkee
-2067;electrical
-2070;feedback infra
-8215;naresuan university
-2072;university of liverpool
-2075;master in information security
-2076;e-recptif intl
-2079;edatis
-2080;gabes
-2081;hewlett-packard
-8225;dayspring technologies, inc.
-2082;plano, tx
-2084;memphis, tx
-2085;texas tech university
-2087;hastings, ne
-2088;lubbock high school
-2089;bezons
-8233;shershah soori inter level school, sasaram, bihar
-8235;indian institute of technology ropar, india
-2095;jefferson laboratory
-2096;menchville high school
-2097;syracuse, ny
-2098;institut pertanian bogor
-2099;the factory
-2101;cpqd
-2102;tecnologia em inform\u00e1tica
-2103;universidade estadual de campinas
-2105;byu emrl lab
-2106;horrocks engineers
-2107;jones paint & glass
-2109;santiago chile
-2110;edappally, kerala, india
-2111;university of delaware
-2112;bear, de
-8259;lsu shreveport
-2116;grenoble - france
-2118;funda\u00e7\u00e3o get\u00falio vargas - sp
-2119;especializa\u00e7\u00e3o em cinema document\u00e1rio
-2120;comunica\u00e7\u00e3o em multimeios
-2121;montes claros - mg
-2123;macei\u00f3
-2124;brighton - uk
-2125;bend - oregon
-2127;guntur
-2128;tenali
-2130;vijayawada
-2131;tdds technical institute
-2133;diesel technology
-2138;nist, orissa
-8283;indian institute of management bangalore
-2140;berhampur, orissa
-2141;evalueserve
-2143;gurgaon
-2145;sun microsystems
-2147;oracle corporation
-2149;divx
-2150;code brilliant
-8294;mad
-2155;portal software
-8301;universidad nacional del surur
-2158;day smith & hunter
-2159;bsc accounting & finance
-2160;ernst & young
-2161;altrincham grammar school for boys
-2165;sda trading (uk) ltd
-2166;gcse
-2167;abidjan
-2168;a- levels
-2170;management
-2173;dairy queen
-8320;shady hill school ttc
-2177;hamilton, oh
-2178;wheaton college
-8323;universidad de m\u00e1laga
-2180;university of hull
-8324;hindu public school
-2181;sqli
-2182;nit calicut
-2184;st. john residential school, dimapur
-2187;cologne, germany
-2188;isat
-2191;nexter systems
-2192;columbus college of art and design
-2193;porto alegre, brazil
-2195;columbus, oh
-2198;film
-2199;b.i.b. international college
-2201;information technology assistant (ita)
-2202;sae institute byron bay
-2203;sae institute cologne
-2204;cologne
-2205;rgis inventory specialists
-2206;pucmm
-2213;accenture
-2214;coe, gitam visakhapatnam
-2215;gannavaram
-2216;st johns hr sec school, gannavaram
-8360;cordoba, ver
-2218;pitang agile it
-2220;s\u00e3o paulo - sp brazil
-2221;c.e.s.a.r - recife center for advanced studies and systems
-2223;fortaleza - ce brazil
-2224;recife - pe brazil
-2228;ben-gurion university of the negev
-2229;staples business depot
-2230;windrock media
-2231;shaw communications
-2232;bsc in computing science
-8376;panna + fragole
-2235;vancouver island university
-2237;laronge, saskatchewan
-8381;odessa \stupeni\ school
-2239;real estate webmasters
-2241;hu bei
-2242;rice university
-2246;m.ed., leadership
-2249;watertown, ny
-2250;clarkson university
-2252;st. lawrence university, b.a. - 2007
-2254;dr. vsec,kanpur
-2256;griet
-2258;icse
-2259;kanpur.
-2261;droit
-2264;elmhurst
-2265;basic.net
-2267;barueri
-2268;c.h.m
-2269;albany high school
-2271;albany,ny
-2273;v.e.s.i.t
-2274;11th
-2281;@last software
-2282;millersville university
-2283;boulder, co
-2287;delaware academy
-2289;hamden, ny
-2292;its - information technology school
-2293;grafi\u010dki dizajner
-2294;srednja grafi\u010dka \u0161kola
-2295;yell group
-2297;fullerton, ca
-2298;temple city, ca
-8442;dell
-2300;pasadena, ca
-2302;la mirada, ca
-2304;guadalajara
-2305;universidad de guadalajara
-2307;preparatoria regional de atotonilco
-8451;information technology and software development
-2308;lic. en dise\u00f1o para la comunicaci\u00f3n gr\u00e1fica
-2309;\u6210\u529f\u5927\u5b78
-2310;\u751f\u547d\u79d1\u5b78\u7cfb
-2312;ahlcon public school
-2314;bsee
-2315;nassau bahamas
-2316;msee
-2317;ingeniero
-2320;hukilau
-2321;portland, me
-2322;austin, tx
-2323;mountain xpress
-2325;canterbury, nh
-2328;lima, per\u00fa
-2332;tshwane university of technology
-2333;helen o'grady drama academy philippines
-2335;link-a-media
-2339;pendleton college
-2340;bolton
-2341;mount st joseph business and enterprise college
-2342;gcses
-2344;insead
-2345;autodesk
-8489;fayetteville, nc
-2350;university of toronto
-2351;colorz
-2353;src
-2354;arc center
-2355;iut le puy-en-velay
-2358;rector drew
-2363;hawarden, united kingdom
-2369;dublin
-2371;business & economics
-2372;uppsala university
-2374;university of zagreb
-2375;bi\u00f1an, laguna
-8519;aberic solutions
-2377;makati
-2382;directfn
-2383;stenungsund
-2384;natur
-2385;s\u00f6dert\u00f6rns h\u00f6gskola
-2386;worcester, massachusetts, usa
-2388;biologi
-2389;kyrkenorum
-2390;h\u00e4lles\u00e5ker
-2391;stockholm university
-2392;tia juana, venezuela
-2393;campo verde, tia juana
-2394;n\u00f6sn\u00e4s gymnasium
-2396;reply
-2398;\u8cc7\u8a0a\u7ba1\u7406
-2399;\u8f14\u4ec1\u5927\u5b78
-2400;\u53f0\u7063\u79d1\u6280\u5927\u5b78
-2402;varanasi
-2403;mohali
-2404;c\u00e1diz
-2405;madrid
-2406;tuenti
-2407;ipan
-2409;d.t.e.a school
-2411;vvmhss
-2413;electronics & communication engineering
-2415;satyam computer services ltd.
-2418;andhrapradesh
-2419;warangal public school
-2420;greenwood high school
-2422;uni stuttgart
-2423;demoulas' market basket
-8567;norridge
-2424;billerica, ma
-8570;california college of the arts
-2427;st.xavier's school, mumbai
-2429;chatrabhuj narsee memorial school
-2433;nm college
-2435;japanese studies
-2436;human computer interaction
-2437;vienna, va
-2439;edison labs llc
-2440;narva
-2443;nokia
-2446;ruchi soya group
-2451;pune, india
-2453;epfl
-2456;amstelveen
-2457;vrije universiteit
-8601;sasi junior college
-2458;munich
-2460;mathematics and informatics
-2463;cluj napoca
-2467;arulmigu kalasalingam college of engineering
-2468;srivillputtur,tamilnadu,india
-2469;kolkatta
-2470;agartala,tirupura
-2471;edutech india pvt ltd
-2472;chennai,tmilnadu,india
-2474;instrumentation and control engineering
-2475;gawhati,assam
-2476;pune,india
-2477;electronet
-2478;bhuwaneswar ,orrisa
-2479;central assembly
-2480;rockford, illinois
-2482;nederland, texas
-8626;hatfield, pa
-2491;multimedia university
-2492;monash university foundation year
-2494;computer science and multimedia
-2497;santo andr\u00e9 - sp
-8642;st. xavier's, bombay
-2499;materials science and engineering
-2500;spacecat photography
-8645;avm, bombay
-2502;ithaca, ny
-2503;beijing china
-2505;santa clara, ca
-2506;roxor games
-8652;st. james, calcutta
-2509;mozy
-2511;lehi, utah
-2515;sendoutcards
-2516;monteview, idaho
-2517;austin, texas
-8661;wiesloch
-2518;satishprabhu architects
-2520;rachannavar architects
-2522;khanglobal design
-2523;dsa architects international
-2529;eicher tractors
-2531;pilibhit
-2534;wroc\u0142aw
-8681;ujjain india
-2538;nift
-2540;fashion technology
-8684;pune india
-2544;model public sr. sec. school
-2547;nc museum of natural sciences
-8691;claremont, california
-2548;morehead city, nc
-2549;atmospheric plasma solutions, inc
-2550;canberra, act
-2554;rent-a-web
-8698;hua-hin
-2556;vespa motores ltda
-8700;belur
-2558;west chester university of pennsylvania
-2559;pq corporation
-2560;norristown area high school
-2562;maxwell institute
-2563;various
-2565;independence blue cross
-2566;mg industries
-2568;speech communication
-2569;lakeland, fl
-2572;broadcast journalism
-8717;university of wollongong
-2574;columbia, mo
-8718;world health organization
-2576;tel aviv university
-2580;instituto tecnol\u00f3gico de costa rica
-2581;kobe, japan
-2582;ucla
-2583;sri chaitanya
-2587;school-ing
-2591;bfs wirtschaft & verwaltung
-2593;fos informationstechnik
-8737;taizhou
-2594;etc kynast & fritz
-8740;qx3
-2600;burger king
-2601;gersfeld(rh\u00f6n)
-2603;biochemistry and cell biology
-2609;pennsylvania state university
-2619;fitzgerald, ga
-2622;lincoln
-2623;omaha
-2624;bradford, england
-2625;st bede's catholic grammar school
-2626;finance
-2628;tyreso, sweden
-2629;hobart, australia
-8774;merkur internationale fh karlsruhe
-2631;bethlehem, usa
-2633;sydney, australia
-2634;columbus, usa
-2639;budapest, hungary
-2640;cleveland, usa
-2641;cleveland hts high
-8785;universidad del pac\u00edfico
-2642;lower hutt, nz
-8787;ephec
-2644;\u0433\u0438\u043c\u043d\u0430\u0437\u0438\u044f \u211614
-2646;\u0443\u043b\u0430\u043d-\u0443\u0434\u044d
-2648;unipampa
-8792;columbia college of columbia university in the city of new york
-2650;beaumont
-2651;elisava
-2654;djerba, tunisia
-2660;unlimited realities
-2664;granada
-2665;dal\u00edas
-2667;c.p. luis vives
-2668;christchurch, new zealand
-2669;tokyo, japan
-2670;leithcorp
-2671;haifa
-8817;cs bsc
-2675;french studies
-2678;stara zagora
-2679;\u0443\u0441\u0442\u044c-\u043a\u0430\u043c\u0435\u043d\u043e\u0433\u043e\u0440\u0441\u043a
-2682;university of technology, sydney
-2684;clickview pty ltd
-2685;newcastle, australia
-2686;b.p.d.a.v school
-2687;m.p.c
-2688;kennametal
-2695;ternopil, ukraine
-2696;south pasadena, ca
-2697;ternopil
-2698;cambridge ma
-2699;course 6.3 - computer science
-2702;\u30aa\u30ea\u30fc\u30d6\u30b7\u30b9\u30c6\u30e0
-2703;youtube
-2705;beaconhouse school system
-2709;f.sc (pre-engineering)
-2710;government college university
-2714;rahula college
-2725;bsba
-2726;karl storz endoscopy - america
-2727;california state university, long beach
-2731;feup
-2732;col\u00e9gio internato dos carvalhos
-2734;mieec
-2737;adobe systems
-2738;essendon keilor college
-2739;transport administrative services
-2740;sandringham secondary college
-2744;telefonica
-2747;netformx
-2748;bar-ilan university
-2749;iasi, romania
-2751;chardon ohio
-2753;kent ohio
-2754;kent state university
-2755;chardon high school
-2758;w.s.p.c
-2759;wine & spirit professional consultants, level 2
-2760;lodoss
-2762;toulon
-2766;privas
-2767;ecole d'ing\u00e9nieur imac
-2768;calvi
-2769;fr\u00e9jus
-2770;l'isle d'abeau
-2771;chalon sur sa\u00f4ne
-2772;image / multim\u00e9dia / audiovisuel / communication
-2773;licence chalon sur sa\u00f4ne
-2774;draguignan
-2776;nantua
-2782;santo domingo, dr
-2784;worcester, ma
-2785;hci.ru
-8930;universit\u00e0 di napoli federico ii
-2787;bandar-e-abbas, hormozgan, iran
-2788;mashhad, khorasan razavi, iran
-2790;shiraz, fars, iran
-8934;an\u00e1polis, goi\u00e1s
-2791;tehran, iran
-2795;smarthouse media gmbh
-2797;pvx plus technologies ltd.
-2800;wargaming.net
-2801;mestrado em ci\u00eancia da computa\u00e7\u00e3o
-2802;unit - universidade tiradentes
-2804;universidade tiradentes
-8949;carl sandburg college
-2806;payquicker llc.
-2809;ft. drum, ny
-2810;atomicdesign
-2812;bs information sciences technology
-2813;dav
-2815;petaling jaya
-2818;hahah.com.my
-2819;kuala lumpur
-2822;digi telecommunications
-2827;lisieux mat.hig.sec.school
-2828;sns college of technology
-2830;figment
-2831;ucsc
-2832;melbourne, fl
-2833;cork, ireland
-2835;quantum technology sciences, inc
-2836;game development
-2838;mechanicsville, md
-2840;duluth, mn.
-2845;milan, italy
-8989;needham inc
-2848;lyc\u00e9e alkhansa
-2849;r\u00e9seaux et t\u00e9l\u00e9communications
-2850;coll\u00e8ge,lyc\u00e9e,bac s
-2851;groupe scolaire d'anfa
-2852;samu social de paris
-2854;telecom sudparis
-2855;branchout
-2856;landor associates
-2857;philosophy & communications
-2860;boston college
-2864;autrement
-2865;nahavand
-2866;malia\u00f1o
-2867;humanities
-9011;pine bluff, ar
-2868;dehkhoda
-2869;political sciences
-2870;karaj azad islamic university
-2871;roshde no
-2873;talcahuano
-2874;vrn city
-2875;universidad polit\u00e9cnica de madrid
-2876;arquitecto
-2877;nagoya, japan
-2878;sofabeat
-2879;pokelondon.com
-2881;imperial college business school
-2885;cdride corp.
-2888;lelystad
-2889;hilversum
-2890;oosterbeek
-2893;a coru\u00f1a
-9037;idefagskolen
-2895;university of rhode island
-2896;teracore
-2898;gsp consulting
-9042;best buy mobile
-2899;the carter center
-2900;peace corps
-9044;rsml
-2902;gtech strategies
-2903;asian history
-2904;west chester, pa
-2906;downingtown, pa
-2908;cape coral, fl
-2909;chalfont, pa
-2910;library & information science
-2912;history of women & gender
-2913;state university of new york at new paltz
-2914;colegio superior del maipo
-2915;ingenier\u00eda ambiental
-2916;universidad de santiago de chile
-2922;deloitte & touche
-2923;computer science & engineering
-2926;jadavpur,west bengal
-2928;infosys technologies ltd.
-9073;3six0 architecture & design
-2931;ingenier\u00eda de software
-9075;clariant
-2936;ridgerun engineering
-2939;kanpur
-2942;gilman school
-9087;\u96f2\u6797
-2944;taiwan
-2945;taoyuan
-2946;whelan security
-2947;alliedbarton security
-2951;cedar point
-2953;ict-beheer
-2955;electic skittles
-2956;north bend wa
-2957;shoreline wa
-2958;issaquah wa
-2959;issaquah valley elementary
-9103;the stock exchange of thailand
-2960;oroville wa
-2961;snoqualmie valley  elementary
-2966;glam bunny
-9111;tribull mixed martial arts
-2970;snoqualmie wa
-9117;integral university
-2975;jyoti se. sr. school
-2977;licence pro commerce electronique
-2981;vannes
-2982;muslim association college of engineering
-2983;huawei
-2986;ghent
-2987;antwerp
-2988;today
-2989;artevelde hogeschool
-2990;design is dead
-2992;hyper island
-2993;one agency
-2994;studio 100
-2995;new york universty
-2997;penza-city
-2999;self-employed
-3002;1-7
-3004;laxman gyanpith, sanskardham
-3007;8
-3008;nirma university of science & technology
-3009;diwan ballubhai high school
-3010;shri saraswati high school
-3013;juan comenius
-3014;multimedia
-3015;universidad polit\u00e9cnica de valencia
-3017;imagen f\u00edlmica
-3020;eightytwenty/4d
-3022;\u6a2a\u6d5c
-3023;radian6, a salesforce.com company
-3024;university of wisconsin-milwaukee
-3025;brass tack thinking
-3031;wipro technologies
-3033;ajmer
-3034;lipi data systems
-3035;las vegas
-3037;english - japanese
-3038;nonthaburi
-3045;hermosa beach, ca
-3049;deloitte touche tohmatsu
-3050;los altos, ca
-3054;cracker barrel
-9198;central florida community college
-9202;sharif university of thechnology
-3059;alexandria, va
-3061;university of bari
-3062;informatica tecnologie per la produzione del software
-3064;round rock high school
-3065;university of texas
-3069;sdm college of medical sciences & hospital
-3072;unitec
-3075;incheon
-3078;sogang university
-3081;wind river systems
-3085;paris, france
-3087;birmingham, uk
-3088;middletown, ct
-3089;\u570b\u7acb\u66a8\u5357\u570b\u969b\u5927\u5b78
-3092;\u6c38\u5e73\u570b\u5c0f
-3094;2100\u79d1\u6280
-3095;\u570b\u7acb\u53f0\u7063\u5e2b\u7bc4\u5927\u5b78\u9644\u5c6c\u9ad8\u7d1a\u4e2d\u5b78
-3096;\u798f\u5efa\u7701\u91d1\u9580\u7e23
-3097;\u5357\u6295\u7e23\u57d4\u91cc\u93ae
-3098;govt engg college,barton hill
-3099;trivandrum
-3101;brando world
-3102;mainz university of applied sciences
-3103;milestone srl
-3104;liceo artistico \medardo rosso\
-3113;vidhya vihar school , ahemdabad
-3114;ahemdabad and surat
-3117;cogswell polytechnic
-3118;utrecht
-3120;mercadeo y publicidad
-3123;macap\u00e1, ap
-3124;recife, pe
-3127;magyar
-3128;kontra m\u0171hely
-3129;t\u00f6rt\u00e9nelem
-3131;staten island
-3133;brooklyn
-3134;new hyde park
-3136;copper hills high
-3137;vmc
-3138;canyou
-3139;zhengweining charity foundation
-3140;guangdong university of technology
-3144;dharumavantha school
-3145;limeira
-3147;pagan s/a
-3149;iesp
-3150;jo\u00e3o pessoa
-3152;fisioterapia
-3154;germantown, md
-3155;hyderabad, india
-3159;sughrue mion, pllc
-3160;kiev, ukraine
-3163;university of california, santa cruz
-3164;belarusian-russian university
-3168;ho chi minh city, vietnam
-9312;ithink
-3169;unsw
-3171;three ships media
-3172;mathematical business
-3174;buckhannon, wv
-3176;polar
-3178;aicor
-3179;media informatics
-3180;rwth aachen
-3182;twisted fish
-3183;veolia environmental
-3185;orleans
-3191;jamnagar
-3192;reliance industries
-3193;\u7535\u5b50\u5546\u52a1
-3195;\u534e\u4e2d\u79d1\u6280\u5927\u5b66
-3202;brookline, ma
-3203;university of colorado
-3204;nyack, ny
-3205;buzub
-3206;winter park, co
-3207;marblehead, ma
-3209;beehive media
-3210;founder institute
-3211;hopkinton, ma
-3214;darmstadt
-3216;mainz
-3217;julius-echter-gymnasium
-3219;joint-bachelor
-3225;east peoria, il
-3227;caterpillar inc.
-3229;illinois state university
-3230;web systems
-3231;illinois central college
-3240;epsi arras
-3243;shri tuljabhavani college of engineering
-3244;electronics & telecommunications
-3245;maharashi viththal ramji shinde high school
-3246;yigal alon high
-3247;livecity
-3249;nazareth illit
-3251;kibbutz dorot
-3252;everything
-3254;spokane, washington
-3257;athens, ohio
-3258;ohio university
-3259;springfield, virginia
-3267;herenthout, belgium
-3269;givatayim, israel
-3270;technion - israel institute of technology
-3277;mass comm
-3278;the little stars sen.sec. school
-3280;italics
-3284;digboi
-3285;eng (hons.)
-3287;ballarat university
-3288;il denaro
-3291;sorrento
-3296;gr\u00e1fico
-3299;gij\u00f3n
-3300;hdbank
-3301;donga bank
-3302;t\u00e9l\u00e9com ecole de management
-3305;university of pune
-3308;blogosphere
-3312;george mason university
-3313;biology - microbiology
-3315;scienze della comunicazione
-3316;comunicazione e culture dei media
-3317;vssp
-3320;altiero spinelli
-3324;liverpool, ny
-3326;lefthand networks
-3328;hs-bremen
-3329;digital media
-3332;accra, ghana
-3333;londonderry, nh
-3336;niter\u00f3i-rj
-3337;rio das ostras
-3339;\u5609\u7fa9\u5e02\u5357\u8208\u570b\u6c11\u4e2d\u5b78
-9485;sokolov
-3343;bhaktapur
-3346;sheridan college
-3354;bit
-3358;peshawar public school
-3359;\u0432\u043e\u0440\u043e\u043d\u0435\u0436
-3360;rio grande do sul
-3361;universidad medicina de barcelona
-3362;aje arag\u00f3n
-3364;huesca
-3365;seneg\u00fc\u00e9
-3368;murdoch university
-3370;red rooster
-3373;utv
-3375;unipar
-3376;direito
-3380;cholet, france
-3381;whitman college
-3384;walla walla, washington
-3385;the okanagan campus of the university of british columbia
-3386;dhanbad
-3387;ism dhanbad
-3389;chhatarpur
-3390;audio visual arts
-3391;ionian univercity
-3392;ramco systems
-3393;lillehammer vgs
-3395;statoil
-3398;mi lab, ntnu
-3400;universidad andr\u00e9s bello
-3404;gilmour academy
-3405;kent, ohio
-3409;xavier labour relations institute
-3410;bm
-3416;k.n.middle school
-3417;p.k.n.boys higher secondary school.
-3422;greasby, wirral
-3424;engenharia civil
-3425;escola polit\u00e9cnica da usp
-3426;bologna
-3432;allright
-3433;commerciele economie
-3435;universit\u00e4t koblenz
-3437;mizekaze
-3438;informationsmanagement
-3439;clanmo - mobile interactive agency
-3440;neutral ground, llc
-3442;cedarburg
-3448;pontif\u00edcia universidade cat\u00f3lica de minas gerais
-3449;bacharelado em sistemas de informa\u00e7\u00e3o
-3450;belo horizonte
-3451;ensino m\u00e9dio com t\u00e9cnico em inform\u00e1tica
-3452;semitag
-3454;redlime
-3455;colombo
-3457;sacramento city college
-3460;san francisco, ca sacramento, ca
-3463;medina
-3468;jeddah
-3469;mekka
-3471;asl
-3472;telecomunications
-3474;mississippi state university
-3477;southeastern louisiana university
-3478;kansas city, ks
-3480;visual art
-3487;kingston upon thames, surrey
-3489;blue sky hosting
-3493;seavus
-3495;lifecell
-3496;piscataway high school
-3497;martin luther king elementary school
-3502;adtaily
-3503;adweb
-3504;xhtmlized
-3508;ag\u00eancia ideal
-3509;university of georgia
-3510;mis
-3511;cleveland, ohio
-3512;hercules, ca
-3514;university of notre dame
-3515;baylor college of medicine
-3518;digia oyj
-3519;\u044f\u0440\u043e\u0441\u043b\u0430\u0432\u043b\u044c
-3520;woger trading b.v.
-3522;monta vista high school
-3524;foothill college
-3535;\u00f6zye\u011fin university
-3536;sabanc\u0131 university
-3539;kocaeli
-3541;us air force
-3542;chinese
-3543;reed college
-3545;wichita, kansas
-3550;alenprodu\u00e7\u00f5es - comunica\u00e7\u00e3o e imagem, lda.
-3555;cardinal health
-3562;deep games
-3563;green frog games
-3564;ufa
-3565;iwin
-3566;ateneo de manila university
-3570;visual communication technology
-3572;keflavik, iceland
-3575;environmental studies
-3578;gnfc school
-3580;ottawa
-3581;montreal
-3582;de la salle
-3583;the embassy visual effects inc.
-3585;pavia
-3594;santpedor
-3597;doctorat informatique
-3598;universit\u00e9 de marne la vall\u00e9e
-3601;woodbury, mn, us
-3603;saint paul, mn, us
-3605;altoona, wi, us
-3611;my green id
-3612;h\u00e0 n\u1ed9i
-3613;\u0111\u1ea1i h\u1ecdc th\u01b0\u01a1ng m\u1ea1i
-3614;th\u00e1i b\u00ecnh
-3617;cordenons
-3619;the radar cinema
-3620;augusta state university
-3621;engenharia aeroespacial
-3625;puerto cabello, venezuela
-3626;escola b\u00e1sica e secund\u00e1ria da calheta
-3628;ogilvy & mather
-3629;jellycoaster inc.
-3630;toronto, canada
-3631;sungkyunwkan university
-3632;tunis, tunisia
-3633;indianapolis, indiana
-3635;liceo g. bruno
-3638;warsaw
-3640;san jos\u00e9 state university
-3650;\u6771\u4eac\u90fd
-3652;iowa state university
-3653;california institute of technology
-3656;parkville, melbourne
-3657;daylesford secondary college
-3661;the university of melbourne
-3662;yarra valley water
-3664;coburg, melbourne
-3665;sacramento and bay area
-3666;sierra college
-3672;history of art & architecture
-3674;silpakorn university
-3675;engineering and industrial technology
-3676;byndoor, karnataka, india.
-3677;mumbai, maharastra, india
-3679;dubai, sharjah, native place (baindur)
-3681;al hilal education, sharjah
-3682;new indian model school, sharjah.
-3685;poorna prajna education center
-3689;h\u00f6gskolan i g\u00e4vle
-3693;bromangymnasiet, hudiksvall
-3700;hamburg
-3708;take group
-3712;visiothink ltd.
-3719;universidade federal de pernambuco
-3720;wizard recife
-3721;\u3000
-3722;enterprise rent-a-car
-3723;international studies
-3724;american military university
-3725;united states air force
-3726;kabul
-3727;community college of the air force
-3728;lansing, mi
-3733;lompoc, ca
-3735;criminal justice
-3738;ottawa, ontario
-3741;waterloo, ontario
-3746;isb
-3747;b.j.b. college, bhubaneswar
-3748;itc ltd., schlumberger
-3755;engineering, computer science
-3759;brooklyn park, mn
-3760;st. louis park, mn
-3761;plymouth, mn
-3764;odense tekniske gymnsaium
-3766;chu grenoble
-3769;tacoma community college
-3770;bigdoor media, inc
-3773;puerto rico
-3774;valencia, spain
-3775;lugo, spain
-3777;small wonders
-3780;\u53f0\u5317
-3782;industrial management institute
-3783;tehran - iran
-3784;badr
-3785;los angeles - united states
-3786;nottingham trent university
-3787;shahid beheshti university
-3790;rah-e-danesh
-3792;manchester - united kingdom
-3793;nottingham - united kingdom
-3794;razi
-3796;poughkeepsie, ny
-3797;sri venkateswara bala kutter
-3799;b.tech, mechanical
-3800;stony brook university
-3801;itis m. del pozzo
-3802;polytechnic university of turin
-3804;elettrotecnica
-3805;cuneo
-3806;olney maryland
-3808;dumaguete, philippines
-3811;avinci ag
-3814;wirsindgolf.net
-3817;\u0437\u043d\u0443
-3819;\u0443\u043a\u0440\u0430\u0438\u043d\u0430, \u0437\u0430\u043f\u043e\u0440\u043e\u0436\u044c\u0435
-3820;southwell school
-3823;victoria university of wellington
-3824;hamilton, new zealand
-3825;palmerston north boys' high school
-3828;computer and information scinces
-3834;cedar rapids, ia
-3837;kenwood academy high school
-3838;engineering management
-3839;i.c.s.e
-3840;university of mumbai
-3844;masters of arts in worship
-3847;gaikai
-3848;jamdat mobile
-3850;ely, uk
-3852;itis e. majorana
-3854;ada negri
-3857;madsem di samuele bosco
-3861;kccg
-3866;sltp negeri 228
-3867;stm negeri 8
-3869;budi luhur university
-3872;devenz
-3873;germany
-3875;william jewell college
-3880;people for patty murray
-3881;seattle mariners
-3883;covington, wa
-3887;master 2 ing\u00e9nierie des syst\u00e8mes d'information et aide \u00e0 la d\u00e9cision
-3889;gen\u00e8ve
-3890;solutec
-3891;essilor
-3892;esii
-3898;bcl
-3899;bbl
-3901;trinity episcopal high school
-3902;haltern am see
-3903;hullern
-3907;jumpeye
-3911;telecommunications, electronics and computers
-3912;louisville ky
-3915;university of louisville
-3917;computer engineering and computer science
-3918;ingenieria tecnica de sistemas
-3919;tve
-3920;telemadrid
-3921;universidad pontificia de salamanca
-3923;vass
-3925;energy systems
-3927;arak, iran
-3930;ballwin
-3931;coppell
-3934;dwp
-3940;b. sc. in computer science
-3942;rikkyo university
-3943;itabashi-ku
-3954;sherman, tx
-3963;ing en petr\u00f3leo
-3965;st. john's high school
-3966;dav college
-3973;sjk (c) sam chai
-3977;agileit
-3980;perth
-3981;birkirkara
-3983;internet marketing diploma
-3984;standard publications ltd
-3986;stella maris college
-3990;amdocs
-3992;panchkula
-3993;bath
-3994;\u4f5b\u5c71
-3995;saint louis university
-3998;bsc computer science
-4001;mons,belgium
-4002;guwahati,assam,india
-4003;kota,raj,india
-4005;jhunjhunu,raj,india
-4007;ahmedabad,gujrat,india
-4014;qmg
-4015;qantm college
-4016;western washington university
-4019;sutton swim school
-4020;techbridge
-4022;public relations
-4023;barbaricum
-4029;col\u00e9gio santo antonio de lisboa
-4030;semi\u00f3tica psicanal\u00edtica
-4033;letras - portugu\u00eas/alem\u00e3o
-4039;pattari
-4040;indian institute of management indore
-4041;cogzidel consultancy services pvt ltd
-4042;cogzidel technologies pvt ltd
-4043;great lakes institute of management
-4044;d.b jain college
-4045;saxion
-4050;itivi
-4051;krakow, poland
-4055;applied computer science
-4062;the urban school of san francisco
-4068;isla de \u00e1valon
-4070;computer science-math
-4071;rockford, michigan
-4072;12581
-4076;san diego state university
-4078;ion flux, inc
-4084;murrieta
-4087;homeyen networks.
-4099;binghamton, ny
-4100;department of information engineering and computer science
-4101;taichung
-4102;fneg chia university
-4108;sikkim manipal university
-4109;lucknow, india
-4110;lucknow university
-4111;auspex capital
-4112;promiss\u00e3o - sp
-4113;gar\u00e7a - sp
-4115;estrela, rio grande do sul
-4116;aga khan university
-4118;aga khan higher secondary school
-4119;ciudad de m\u00e9xico
-4120;zonefranche
-4124;sharif university of technology
-4125;toulouse school of economics
-4126;sjb services
-4127;liceo fanti
-4128;scientifico-tecnologico
-4129;aalen
-4133;motawi tileworks
-4134;yottabyte, llc
-4135;ferris state university
-4140;ca, ma, ca, uk, ca, jerusalem, ca, fl, tx
-4142;computer information systems
-4145;keyence
-4147;phonology
-4150;okinawa, japan
-4153;taxco, mexico
-4157;ponorogo , jawa timur , indonesia
-4158;surabaya , jawa timur , indonesia
-4163;iamas
-4164;media esthetics
-4166;ogaki
-4169;drill llc.
-4172;d\u00fcsseldorf
-4173;\u0438\u043d\u0444\u043e\u0440\u043c\u0430\u0446\u0438\u0441\u043a\u043e-\u043a\u043e\u043c\u0443\u043d\u0438\u043a\u0430\u0446\u0438\u0441\u043a\u0438 \u0442\u0435\u0445\u043d\u043e\u043b\u043e\u0433\u0438\u0438
-4176;tel aviv
-4181;london, ontario, canada
-4182;santa monica
-4183;clearwire
-4184;amp'd mobile
-4189;university of cape town
-4190;utrecht university
-4191;business informatics
-4193;basking ridge
-4194;university of rochester
-4195;brain and cognitive science
-4197;lawrenceville, nj
-4199;kirksville, mo
-4201;danville, ia
-4205;animoto
-4209;california polytechnic state university
-4214;salvador, bahia
-4215;universitt\u00e1 della svizzera italiana
-4220;nit warangal
-4229;assembl\u00e9ia legislativa do es
-4233;extr\u00eame sensio
-4237;ecole sup\u00e9rieur des arts num\u00e9riques appliqu\u00e9s, paris
-4238;avignon
-4239;mont\u00e9limar
-4242;interactive publishing/ magazine writing
-4243;maheshwari public school
-4249;fort bragg, ca
-4252;southern oregon university
-4253;cio solutions
-4255;the academy for the advancement of science and technology
-4256;stevens institute of technology
-4257;buro happold
-4260;boundary
-4261;bergenfield, nj
-4263;quid, inc.
-4264;universit\u00e0 degli studi di udine
-4265;instituto tecnol\u00f3gico y de estudios superiores de monterrey
-4268;unisc
-4269;ufrgs
-4270;pucrs
-4272;kommunikation nya medier
-4278;esiee management (france)
-4279;vancouver, canada
-4280;mba in strategic management
-4281;henan
-4283;harvard management company
-4285;rollins college
-4289;\u5f70\u5316\u7e23
-4290;avanthi institute of engineering and technology
-4291;thomson-reuters corporation
-4292;pollocks school
-4294;directi
-4299;brazil
-4300;north carolina
-4305;arm holdings, plc
-4309;adi shankara institute of engineering & technology
-4315;hogeschool zuyd
-4317;olympia, washington
-4319;mphasis an hp company
-4320;cognizant technology solutions india pvt. ltd
-4322;darbhanga
-4323;kavikulguru institute of technology and science
-4324;rose public school,darbhanga
-4325;royal caribbean international
-4326;one love media llc
-4330;nirma university
-4332;fort stewart, ga
-4333;fort carson, co
-4339;yandex
-4340;voronezh, russia
-4344;divanee.com
-4345;national pharmaceutical council
-4350;\u54c8\u5c14\u6ee8\u5de5\u4e1a\u5927\u5b66
-4353;kaithal
-4354;mississauga
-4358;melitopol
-4359;\u0441\u0435\u0432\u0430\u0441\u0442\u043e\u043f\u043e\u043b\u044c
-4360;\u0434\u0430
-4363;cand.mag
-4364;m\u00f6dling
-4365;s\u00f8nder omme
-4366;ibc kurser
-4374;\u0e40\u0e0a\u0e35\u0e22\u0e07\u0e23\u0e32\u0e22
-4375;the art institute of california - orange county
-4377;visual effects and motion graphics
-4378;28 rue meslay,paris
-4379;john c fremont middle school
-4382;las vegas high school
-4384;john s park elementary
-4387;pavia, italy
-4388;ramat gan, israel
-4389;tel aviv, israel
-4391;diamond bar
-4396;kingsville, texas
-4397;\u043e\u0434\u0435\u0441\u0441\u0430
-4398;bilbao
-4400;university of western ontario
-4404;european studies
-4406;siliguri institute of technology
-4407;b. tech.
-4414;the droubi team
-4415;notre dame de namur, sfsu
-4416;department of civic education and leadership
-4422;escola c+s eng dion\u00edsio augusto cunha
-4423;emprego (\u00ea) (deriva\u00e7\u00e3o regressiva de empregar) s. m. 1. ocupa\u00e7\u00e3o remunerada e determinada a que algu\u00e9m se dedica. 2. acto! de empregar. 3. aplica\u00e7\u00e3o, uso.
-4424;canas de senhorim
-4427;faro, portugal
-4435;ankara atat\u00fcrk anadolu lisesi
-4436;denizli
-4441;university of east london
-4442;great barrington, ma
-4445;navesink, nj
-4448;miami beach
-4457;sapir academic college
-4458;horizon technologies
-4459;b.a communication
-4464;goleta, ca, usa
-4465;pico communications
-4468;covia
-4470;quote.com
-4473;kharej
-4474;sena
-4479;educational technology
-4484;caspeco ab
-4487;sloan, mba
-4488;loeb fellow
-4497;electrical/electronic engineering
-4498;red hat
-4501;monterrey institute of technology and higher education
-4503;sieena software
-4504;internacional de sistemas
-4514;be
-4515;pimpri
-4517;assyst
-4521;kerala
-4523;barcellona
-4528;odt\u00fc
-4532;saltash community school
-4536;falmouth, cornwall
-4537;saltash, cornwall
-4538;penryn, cornwall
-4540;business marketing
-4545;comunicacion social
-4546;urbe
-4551;\u5ee3\u96fb\u7cfb
-4555;bharatpur, chitwan, nepal
-4556;instrumentation engineering
-4564;genova
-4567;manila, philippines
-4568;norwich, uk
-4573;m.s. mechanical engineering
-4574;boeing commercial airplanes
-4581;sais-r, ksa
-4583;e-technology msc
-4585;university of cambridge
-4586;medical genetics bsc
-4587;bioinformatics bsc
-4595;htbla hallein
-4596;betriebsinformatik
-4602;psychology/sociology
-4606;editora globo
-4610;mca (pg)
-4614;msc. financial economics
-4616;rotary verlags gmbh
-4617;\u0435\u0432\u043f\u0430\u0442\u043e\u0440\u0438\u044f
-4618;yevpatoriya
-4629;mba - entrepreneurship
-4630;stanford center for professional development
-4631;certificate - strategic decisions and risk management
-4632;certified associate project manager (capm)
-4644;praha
-4648;t\u00e9l\u00e9vision de radio-canada
-4649;coll\u00e8ge \u00e9douard-montpetit
-4657;iit-bhu,varanasi
-4661;columbus
-4662;electronics & communication
-4665;iut infocom
-4667;universidade estadual de londrina
-4671;universidad galileo
-4674;kbiper, gandhinagar
-4678;v b v ,wtps
-4681;tv-cinema directing
-4683;nepal wireless project /nren
-4684;mount everest higher secondary school
-4695;natural science-intermediate
-4697;\u6771\u6d77\u5927\u5b78
-4701;\u666e\u901a\u79d1
-4704;rajganpur
-4705;evtron incorporated
-4707;matanuska glacier adventures
-4708;anheuser-busch inbev
-4716;utpl
-4717;ann arbor
-4718;saline
-4723;ministry of ukraine of youth, family and sports
-4724;generali garant
-4725;taras shevchenko national university of kyiv
-4728;national university \kyiv-mohyla academy\
-4730;madurai kamaraj university
-4731;m.s.university
-4733;intuit inc.
-4735;los gatos, ca
-4756;cornell, wisconsin
-4757;eelde, nederand
-4759;wie is de beste makelaar
-4765;i.t.inform\u00e1tica de sistemas
-4766;telepizza
-4768;pizzamovil
-4769;zamora
-4771;andover
-4772;mckinsey & company
-4775;hunch free digital marketing
-4777;portsmouth university
-4779;uk and us and iran
-4780;london university, princeton university.
-4782;recife
-4786;campo grande ms
-4790;visual communication arts
-4802;summit, nj
-4806;\u7406\u5b66\u90e8
-4807;\u9ad8\u69fb
-4816;beverley grammar school
-4820;sechan electronics
-4821;vokal interactive
-4824;marietta pa,
-4825;florence, italy
-4826;windsor, colorado
-4829;videogame design
-4830;school engineering & computer science (iub)
-4831;msc. in computer scienc
-4834;bsc. in computer science
-4837;khilgong govt. high school, dhaka
-4839;jerusalem, israel
-4840;comverse
-4845;penrith high
-4848;randon beveiliging
-4853;lule\u00e5 university of technology
-4856;awona
-4864;palma de mallorca
-4867;ingenier\u00eda industrial
-4869;cisco systems, inc.
-4870;hetic
-4871;montreuil
-4872;tmp worldwide advertising and communications
-4875;\u8cc7\u8a0a\u50b3\u64ad\u7cfb
-4878;glenbrook north high school
-4879;the goldstein group inc.
-4885;teenage angst
-4890;instituto tecnol\u00f3gico de aeron\u00e1utica
-4892;mechanical  engineering
-4895;chick-fil-a
-4897;business - accounting
-4898;masters - taxation
-4901;bachelor in media studies
-4907;johns hopkins university
-4908;south carolina
-4909;michigan
-4910;insigniter pvt. ltd
-4912;sydney, nsw, australia
-4913;the p.a. people pty ltd
-4914;deloitte touch tohmatsu
-4924;exchange church belfast
-4925;f.biz
-4928;clsml
-4930;g\u00e9nie civil
-4932;khammam
-4935;aarup
-4940;la high
-4941;granada hills, ca
-4943;beckley, wv
-4944;gateway
-4950;sybase
-4952;massachusetts college of art
-4953;massachusetts
-4954;geoinformatik
-4955;universit\u00e4t fribourg
-4957;sbb-cff-ffs
-4958;gymnasium interlaken
-4963;\u00fast\u00ed nad orlic\u00ed
-4964;web revolution s.r.o.
-4968;neway technologies
-4969;ball state university
-4973;t\u00fcrkiye
-4974;electro world
-4982;xinjiang medical university
-4984;urumqi
-4986;yuba college
-4987;uci
-4989;chicago, ontario, norrth hollywood, tujunga, montrose, sunland, glendale, burbank, long beach, seal beach
-4990;we are social
-4993;charlotte, nc
-4995;daejeon
-4997;itc
-4998;tecviju
-5000;brookings, oregon, usa, 2002, 1 year
-5001;los angeles, california, usa, 1986, 1 year
-5004;mr brookings, oregon, usa, 2002, 1 year
-5007;uct '75
-5009;graduation in commerce
-5014;french intensive
-5016;institute francaise
-5017;weis markets
-5019;sussex county community college
-5021;one thiry bpm
-5023;shree ram-karan joshi
-5024;nit kurukshetra
-5025;dausa
-5026;the university of texas at austin
-5028;andipatti/theni
-5029;theni, virudhunagar, chennai
-5031;novorossiysk
-5032;tripoli
-5033;gorakhpur
-5035;nav mont
-5044;quebec
-5048;gamertag radio
-5054;cand. merc. i udenrigshandel
-5056;aarhus school of business
-5057;risskov
-5061;grand island, ne
-5062;arbor day foundation
-5063;castellon de la plana, spain
-5066;intercontinental hotels group
-5069;the pennsylvania renaissance faire
-5070;savannah college of art & design
-5072;savannah, ga
-5081;ason&co
-5086;dimea ab
-5089;grafiskt utbildningscenter
-5090;aeroplane ab
-5091;malcolm grace ab
-5096;b.e, chemical
-5097;delhi public school,b.s.city
-5100;berkely, ca
-5107;united launch alliance
-5108;venice, italy
-5110;isla roaton, hondurus
-5114;porto allegre, brazil
-5117;nbcuniversal
-5119;mykanos, greece
-5120;cayman islands
-5122;hesperia, ca
-5127;cabo san lucas, mexico
-5129;camper
-5133;\u043c\u044d\u0441\u0438 (\u0440\u0444)
-5134;\u043f\u0440\u043e\u0433\u0440\u0430\u043c\u043c\u0438\u0441\u0442-\u043c\u0435\u043d\u0435\u0434\u0436\u0435\u0440
-5135;\u0e01\u0e23\u0e38\u0e07\u0e40\u0e17\u0e1e\u0e21\u0e2b\u0e32\u0e19\u0e04\u0e23
-5138;chesire, ct
-5139;shaker heights, ohio
-5140;cheshire, ct
-5143;normal numero 9\u00b0 domingo faustino sarmiento
-5150;texas state university-san marcos
-5152;union city, ca
-5154;belmont, ca
-5159;computer technology and programming
-5165;\u53f0\u5357
-5167;web - programming and internet technology
-5169;edmonton
-5172;master of science in sport management
-5176;carroll university
-5178;oshkosh, wi
-5181;\u6ef4\u79a7\u64e0\u92c1\u5de5\u696d\u6709\u9650\u516c\u53f8
-5182;\u6a5f\u68b0\u5de5\u7a0b\u79d1
-5183;\u7acb\u5fb7\u7ba1\u7406\u5927\u5b78
-5189;\u5b89\u9806\u570b\u4e2d
-5191;\u7fa9\u52d9\u6559\u80b2
-5193;\u5de5\u696d\u5de5\u7a0b\u8207\u7ba1\u7406
-5194;health plan of michigan
-5197;computer forensics
-5198;geek squad
-5204;egs
-5208;naturvetenskap
-5210;qt talents & models
-5213;hvitfeldtska gymnasiet
-5215;district and sessions judge office , delhi
-5222;escuela de negocios eude
-5223;doctorado en rrpp y publicidad
-5226;banco del progreso
-5227;universidad camilo jose cela
-5228;m\u00e1ster en publicidad
-5230;novaemusik
-5232;\u0e04\u0e34\u0e27\u0e40\u0e1a\u0e22\u0e4c
-5233;bangkok, thailand
-5242;information and computer science
-5243;sharjah, uae
-5247;brentwood, ca
-5254;cedart \luis spota\
-5255;arts highschool
-5258;atradius
-5259;amiens
-5261;descme
-5270;usp
-5271;lazer e turismo
-5273;princeton, new jersey, usa
-5277;\u043b\u0435\u0441\u0433\u0430\u0444\u0442\u0430
-5282;g\u0131da m\u00fchendisli\u011fi
-5284;car toys bellevue
-5286;best buy bellingham
-5287;car toys everett
-5290;best buy everett
-5292;crockett, ca
-5298;best buy lynnwood
-5300;presidency college, banaglore
-5305;scs a college
-5307;gandhi engineerin collage, bhubaneswar
-5311;hospitality
-5317;pos \lessing\ aue
-5319;leipzig
-5320;aue
-5322;osl marketing
-5323;spider marketing
-5328;vestby vgs
-5332;carnegie mellon
-5334;b.tech (hons)-it
-5337;home
-5340;pyralis design
-5346;english and psychology
-5348;eastern washington university
-5352;homeground services
-5357;\u0445\u0435\u043d\u0434\u0438-\u0442\u0435\u043b \u0435\u043e\u043e\u0434
-5358;sra international
-5362;robertsbridge, east sussex, england
-5363;ulster park, ny, usa
-5364;hillsborough college
-5366;hinde house
-5368;ict/business studies
-5369;z\u0161 palachova \u017e\u010f\u00e1r nad s\u00e1zavou
-5371;brics securities ltd.
-5374;college of richard collyer
-5375;winchester, uk
-5379;bsc computing
-5382;eucalyptus systems
-5383;\u043a\u0440\u0443\u0442\u043e\u0435 \u043f\u0438\u0430\u0440-\u0430\u0433\u0435\u043d\u0442\u0441\u0442\u0432\u043e
-5385;\u0443\u0433\u043c\u043a-\u0442\u0435\u043b\u0435\u043a\u043e\u043c
-5386;\u0441\u043c\u0442
-5395;cape may, nj
-5401;kansas state university
-5403;education:sexual harassment & bully behavior
-5404;dana college
-5405;duke university school of law
-5408;j.d.
-5410;\u00e9cole normale sup\u00e9rieure de lyon
-5412;interactief vormgeven
-5418;claire concept & design
-5419;uc berkeley '07
-5422;rscoe ,pune
-5425;air force school,adampur
-5429;jalandhar
-5433;k v halwara,ludhiana
-5434;air force school halwara,ludhiana
-5436;nashik
-5439;scan associates berhad
-5441;menara atlan
-5447;patna central school
-5454;\u76d0\u57ce
-5459;beloit college
-5462;padua college
-5464;vce
-5468;amrita school of engineering
-5471;bengalooru
-5472;bridle it solutions
-5474;zvky design
-5475;coimbatore
-5476;trigma webdesigns
-5481;university of victoria
-5482;expedia
-5483;vml
-5487;publicis & hal riney
-5488;publicis west
-5493;reprise media
-5498;bury st. edmunds
-5500;adarsh school, pune
-5502;sinhgad college of engineering, pune
-5503;modern college, pune
-5506;smarttwo project
-5507;cajazeiras, para\u00edba, brazil
-5510;jo\u00e3o pessoa, para\u00edba, brazil
-5511;smartalarms
-5516;informa\u010dn\u00ed technologie
-5517;sp\u0161t a sout t\u0159eb\u00ed\u010d
-5518;formsoft s.r.o
-5519;t\u0159eb\u00ed\u010d
-5523;elektronick\u00e9 po\u010d\u00edta\u010dov\u00e9 syst\u00e9my
-5531;verizon communications
-5538;clarksville high school
-5543;islington, london, uk
-5548;university college nordjylland t&b
-5550;viborg
-5551;mbc design
-5553;n\u00f8rresundby
-5562;symbiosis institute of technology
-5567;jackson hole, wyoming
-5573;lake charles, louisiana
-5574;aix-en-provence, france
-5575;baton rouge, louisiana
-5576;washington, d.c.
-5587;pchc
-5590;veazie
-5591;wpi
-5592;augsburg, germany
-5597;misiones
-5599;ingenier\u00eda qu\u00edmica
-5601;tjmg
-5603;overland park, ks
-5604;manhattan, ks
-5608;nolife
-5612;plovdiv
-5619;st\u00e4dtisches gymnasium d\u00fclken
-5622;psychology/criminology
-5632;internatsschule schloss hansenberg
-5641;media temple
-5644;pictage
-5647;oversee.net
-5650;science,maths
-5652;mhs
-5653;geek mentors studio
-5655;cor&fja odateam
-5658;halifax, nova scotia
-5660;sydney, new south wales
-5664;illinois
-5668;kbc\u5b9f\u884c\u59d4\u54e1\u4f1a
-5669;belfast
-5676;tamvietland
-5680;economics and finance
-5686;interdisciplinary humanities
-5688;games, art and design
-5689;university of applied sciences hagenberg
-5693;architectural engineering
-5694;communication publique
-5698;pacific northwest college of art
-5702;biotehni\u0161ka fakulteta
-5703;mikrobiologija
-5705;ancona
-5706;montesilvano
-5712;orange
-5721;ies gregorio fern\u00e1ndez
-5722;lightmedium
-5726;\u0111akovo
-5727;ucer
-5729;teleperformance
-5730;van lanschot bankiers
-5731;hbo university
-5733;jeddah, saudi arabia
-5737;\u5f20\u5bb6\u754c
-5743;ssn college of engineering
-5748;map\u00faa institute of technology
-5751;diablo valley college
-5753;macy's
-5755;blockbuster
-5763;wasserstein ventures
-5765;universidade de taubat\u00e9
-5768;nanjing, china
-5769;xuzhou, china
-5775;envirofinance group, llc
-5783;universidad del valle de atemajac
-5786;e-multimedia
-5787;mtria. ingenieria de software
-5793;hasbro interactive
-5794;us airways
-5795;godaddy.com, inc.
-5797;\u0441\u0442\u043e\u043f\u0430\u043d\u0441\u043a\u0430 \u0430\u043a\u0430\u0434\u0435\u043c\u0438\u044f \\u0434.\u0430. \u0446\u0435\u043d\u043e\u0432\ \u0433\u0440. \u0441\u0432\u0438\u0449\u043e\u0432
-5800;wizardry
-5802;hogwarts school of witchcraft and wizardry
-5804;frobels high school
-5805;4th-10th
-5808;international educational academy
-5809;universit\u00e4t rostock
-5812;the hong kong polytechnic university
-5815;queen's college
-5819;sucesso concursos
-5824;kkwieer,nashik
-5828;mogi das cruzes
-5833;combs la ville
-5846;westlake village, ca
-5849;mechanical engineering (bs)
-5855;st. joseph's colloege colombo 10
-5858;sri lanka institute of informationtechnology
-5859;darmstadt, deutschland
-5862;hig\u00fcey, rep\u00fablica dominicana
-5872;addictware
-5876;m\u00e1gico roberto polini
-5877;israel,ariel
-5882;avant, ok
-5889;catawba, sc
-5891;mechaniclal engineering
-5892;peoria, az
-5900;university of kentucky
-5901;portland, usa
-5903;jeddah, saudi
-5905;univen
-5906;soci\u00e9t\u00e9 g\u00e9n\u00e9rale cib
-5908;barclays capital
-5925;<hidden>
-5926;university of west bohemia, plze\u0148
-5927;plze\u0148
-5928;vodafone
-5932;multimediadesign
-5933;royal school of library and information science
-5935;it-university
-5938;erhvervsakademiet nordsj\u00e6lland
-5939;ynr
-5940;kurukshetra university
-5943;william hill ltd
-5948;beijiang senior high school
-5952;jieyang
-5953;beihang university (buaa)
-5958;barranquilla
-5960;fremont, mi
-5961;fremont high school
-5965;tropiquesfm
-5966;robotics
-5967;phuket
-5975;\u043e\u043e\u043e \\u043b\u0435\u043d\u0438\u043d \u043f\u0440\u043e\u0434\u0430\u043a\u0448\u043d\
-5976;media communication
-5977;qwest
-5978;bethel university
-5982;s\u00e3o paulo, sp
-5991;criminology
-5998;karachi
-6002;exeter, devon
-6003;kansas city
-6005;grace training center
-6009;theology
-6012;leicester, leics
-6016;bacharelado em ci\u00eancia da computa\u00e7\u00e3o
-6020;mestrado em supercomputa\u00e7\u00e3o
-6024;phoenix
-6027;management information systems and finance
-6032;kampung kapok, brunei
-6035;ips
-6036;eastern illinois university
-6039;anaheim, ca
-6040;fonana, ca
-6044;metlife
-6046;intel
-6047;bombay, india
-6050;arup
-6053;m.eng in structural engineering
-6058;rhetoric & media studies
-6076;mathura
-6078;simla
-6083;vaishali
-6086;janakpurdham
-6089;madhubani
-6095;universit\u00e9 montpellier iii paul val\u00e9ry
-6106;arya sasol polymer company
-6113;social science
-6115;weizmann institute of science
-6117;red apple cdc
-6120;arizona lutheran academy
-6129;merriconeag waldorf school
-6132;university of maine
-6139;kasetsart university
-6141;upc. universitat polit\u00e8cnica de catalunya.
-6144;dhaka
-1;laurea university of applied sciences
-2;kota, rajasthan, india
-3;cse
-4;dharamshala, hp, india
-6;national institute of technology, hamirpur
-6150;pangasinan state university
-7;sacred heart high school, sidhpur
-8;hamirpur, hp, india
-6152;delware north companies
-6153;99p stores
-13;marketing
-14;riyadh
-15;binghamton university
-6159;\u5de5\u696d\u6280\u8853\u7814\u7a76\u9662
-20;universidade federal de minas gerais
-6164;regina, sk
-21;speed school of engineering
-6165;university of regina
-22;electrical engineering
-6166;visions electronics
-26;informatik
-27;fh aachen
-6171;p\u00f3s - marketing
-28;herzogenrath
-30;paris
-33;euro rscg
-34;iscom rouen
-35;rouen
-6179;france t\u00e9l\u00e9com
-6180;prim-vision
-37;tbwa\\being
-39;bts communication
-40;tbwa\\consulting
-6184;vidhya niketan mhhs
-41;columbia university
-42;operations research, computer science
-43;wilaen, inc.
-6187;al-khober
-44;bandsintown, inc.
-6189;khleuven
-46;mica
-47;gmu
-48;ma in digital arts
-49;stone brewing company
-6194;bod\u00f8, norway
-52;moscow state university of economics, statistics and informatics
-53;tyumen
-6197;damascus, md
-54;especialista en urolog\u00eda y androlog\u00eda
-55;instituto de cirug\u00eda urol\u00f3gica avanzada
-6200;kihei, hi
-57;rfr
-6201;wddg.com
-58;orlando, fl
-59;warner music nashville
-60;padova
-61;aspiag service srl
-6205;vista, california
-62;rio de janeiro
-6206;riverside, california
-63;ciencias de la comunicaci\u00f3n
-6207;new york institute of technology
-64;uv
-65;angelo state university
-66;vocal performance- music
-68;information technology
-69;computer science and software engineering
-70;melbourne, australia
-6214;secondary
-71;royal college
-73;australian college of business and technology
-74;bangalore institute of technology
-6218;montevideo
-75;christ university
-76;mercy hospital
-6220;eugene, or
-77;univeristy of iowa
-78;culver's
-79;astronomy and physics
-6223;licda en administracion de empresas
-80;fulton cemetery
-81;fulton high school
-82;ymca
-83;university of iowa
-84;orange austria
-86;sichere informationssysteme bachelor
-87;gymnasium schlierbach
-88;createam werbeagentur
-89;sarasota/bradenton, fl
-6234;franklin w. olin college of engineering
-91;venice, fl
-92;clearwater, fl
-94;sarasota, fl
-95;tampa, fl
-6239;the greenfield center school
-96;itc vittorio emanuele - ruffini
-6240;northfield mount hermon school
-97;perito programmatore
-100;university of waterloo
-101;university of california, sant
-102;gonow tecnologia
-103;monkeybrains
-6247;marketing, services and communication management
-104;san diego mesa
-105;sfsu
-6249;thusis
-109;mixed media labs
-6253;san isidro
-110;san francisco, ca
-111;london
-114;computer science
-6258;schneider electric
-115;parkway south
-116;chennai
-117;nellore
-118;sri netaji pilot  ( msr ) high school
-119;hyderabad
-6263;studio art/media studies/sociology
-120;pega
-121;vidyanagar
-123;university of illinois at urbana-champaign
-124;amity regional high school
-125;university of sydney
-6270;clearspring technologies
-127;ib
-128;kathmandu
-129;kodaikanal
-130;igcse, slc
-132;terre haute
-133;rose-hulman institute of technology
-6277;singapore management university
-134;kodaikanal international school
-135;mechanical engineering
-137;administra\u00e7\u00e3o
-141;mumbai
-6286;larnaca
-143;aon corp. asspl bangalore
-144;agilisys (earlier known as netdecisions)
-145;pgdca
-146;smartphone gizmos
-6289;zbird.com
-148;university of delhi
-149;berlin
-6293;athens
-151;delhi
-152;apeejay faridabad
-6295;gft
-6296;computa\u00e7\u00e3o
-154;nshospital
-155;svmmvhs vendar
-6298;bah\u00e7e\u015fehir university
-156;kollam,thrissur
-157;trinity healthcare(bpl)
-158;10+2
-160;llce anglais
-162;universit\u00e0 la sapienza
-6306;\u6587\u5316\u5927\u5b78
-164;giurisprudenza
-6308;\u8cc7\u8a0a\u50b3\u64ad\u7ba1\u7406\u7814\u7a76\u6240
-166;liceo scientifico
-6309;yokohama
-167;napoli
-170;university of nevada, las vegas
-171;global business
-172;eximia
-6315;m.sc information technology
-173;kota super thermal power station
-174;jaipur
-175;mps jaipur
-6318;king mongkut's university of technology thonburi
-6319;sisaket
-177;dr b r ambedkar nit jalandhar
-178;rourkela
-6321;thomson reuters
-179;zhejiang university
-181;webster university
-6324;sushi pop
-182;animation
-183;mofid university
-184;tehran
-6327;\u043a\u0430\u0441\u0438\u043c\u043e\u0432
-185;rhode island school of design
-6329;cin\u00e9ma audiovisuel
-187;rensselaer polytechnic institute
-189;pacific union college
-190;nursing
-191;structural engineering
-192;nist
-193;university of roma \sapienza\
-195;companion corp.
-196;government
-198;tierpr\u00e4paration
-6341;milpitas, ca
-199;walter gropius berufskolleg
-6343;laguana industries
-201;nothberg
-202;gestaltungs-fachabitur
-203;eschweiler
-205;life
-206;munich, germany
-208;fh furtwangen
-6351;merivale high school
-209;simon fraser university
-210;ibm, vodafone, actionality, yahoo!, greenrobot, hybris
-212;hoelderlin gymnasium lauffen am neckar
-213;tokyo
-214;chiba
-6357;indianapolis, in
-215;sussex, england
-216;keio university
-6359;communications and media
-6361;freelance web developer
-220;hoge school rotterdam
-221;oberhausen
-222;essen
-6365;la salle college high school
-224;yellowasp
-6367;presbyterian day school
-225;puerto montt
-226;chile
-227;dise\u00f1o publicitario
-228;santiago
-229;instituto santo tomas
-6372;auburn, al
-230;tokyo is dead
-231;nova+
-232;freelance
-234;zaragoza
-235;ciencias f\u00edsicas
-236;unbotonn
-237;universidad de zaragoza
-6383;the field school
-6384;uc davis
-242;ms information system
-6385;sacramento
-243;psg college of technology
-6386;university of houston creative writing program
-244;vellore
-6387;writers in the schools
-245;sri sathya sai institute of higher learning
-6388;poetry
-247;materials science
-6390;emergency medicine scribe service
-248;taipei
-250;new york university
-251;seattle, wa
-6394;the university of toledo-health science campus
-252;atlanta, ga
-253;los angeles, ca
-254;saskatoon, saskatchewan
-6397;\u5c90\u961c
-255;political studies
-256;vancouver, bc
-257;uofs its
-6400;sf bay area
-260;university of saskatchewan
-6403;icici
-262;tuen mun
-263;miami beach towers
-6406;orlando, fl, 32830
-264;hong kong polytechnic university
-6407;oxford, england
-265;jessheim
-6409;felszolg\u00e1l\u00f3
-6410;hans\u00e1gi ferenc vend\u00e9gl\u00e1t\u00f3ipari \u00e9s idegenforgalmi szakiskola \u00e9s szakk\u00f6z\u00e9piskola
-268;nye norkron a/s
-269;barneskole
-6412;northeastern illinois university
-272;skudenes ungdomsskole
-273;s\u00f8rh\u00e5land
-274;sogndal
-275;sogn og fjordane distriktsh\u00f8gskule
-276;allmennfag
-280;handan calik tasarim atolesi
-281;mavi ileti\u015fim grubu : hiperaktif internet agency
-6427;lindenhurst high school
-286;\u4e2d\u539f
-6429;yodle
-288;jaffe, raitt, heuer, & weiss
-289;michigan state university
-290;maghreb interactif
-6433;codeoasis
-6434;realcommerce
-6437;sharet
-295;bethany college
-296;rent jungle
-6439;bnei-brak
-297;washington, dc
-299;visalia, ca
-6442;funda\u00e7\u00e3o nacional do \u00edndio
-6443;guara - df
-301;university of california berkeley
-302;santa barbara, ca
-304;grado, italy
-6447;v\u0161eobecn\u00e9
-305;warrensburg, mo
-6448;mississippi school for mathematics and science
-306;colorado springs, co
-307;pokamoke, md
-308;georgia institute of technology
-309;salt lake community college
-310;arbiter, llc
-6453;social sciences
-311;general studies
-312;harvey mudd college
-314;yahoo!
-315;chemistry
-6458;salvador de bahia
-316;university of pittsburgh
-6459;bonn
-318;652
-319;nx engineering
-6463;la paz
-321;moscow, russia
-322;1180
-323;1580
-6466;ingeniero comercial
-324;339
-326;integrael
-327;iu7 - programming
-328;sk-systems
-329;679
-330;bmstu
-331;ware, ma
-6474;decatur, ga
-334;beverly, ma
-335;fuzz productions
-336;graphic design
-6479;dapd nachrichtenagentur
-337;montserrat college of art
-6480;arthur voaden secondary school
-338;sdq
-339;virginia commonwealth university.
-340;richmond, virginia
-341;north carolina state university
-343;sageworks inc
-6486;educational studies
-344;university of washington
-345;morrisville, nc
-347;brooklyn college
-6490;b.sc
-350;regis university
-352;rutgers university
-353;san diego
-6496;lyc\u00e9e g\u00e9n\u00e9ral
-359;aspire systems,chennai
-360;university of california, riverside
-362;bury, england
-6505;bonneville high school
-363;stoke on trent, england
-6506;\u53e1\u63da\u8cc7\u8a0a
-364;derby, england
-6508;\u9326\u83ef\u8cc7\u8a0a
-366;electrical and computer engineering
-367;universit\u00e9 de technologie de troyes (utt)
-368;logica management consulting
-369;management des syst\u00e8mes d'information
-371;episcopal high school
-6514;\u4e0a\u6d77\u8d22\u7ecf\u5927\u5b66
-372;yale university
-373;bledsoe, jacobson, schmidt, wright, lang & wilkinson
-6516;\u56fd\u9645\u4f1a\u8ba1cga
-374;climate advisers
-375;bennet for colorado
-6518;mcarbon tech innovation pvt ltd
-6519;kjr & sons
-377;payyanur
-378;delhi school of economics
-380;abu dhabi
-381;anyang
-382;syracuse
-6525;harrisonburg, va
-6526;james madison university
-6528;narsapur
-6529;narsapur, hyderabad
-388;delhi public school, dhanbad
-391;science
-6534;nanuet, ny
-394;arizona state university
-6537;st. john's vestry
-395;oregon state university
-396;university of wisconsin-madison
-398;golden, co
-399;minneapolis, mn
-401;mayo high school
-6544;uniceub - centro universit\u00e1rio de bras\u00edlia
-402;breckenridge,co
-404;bs zoology
-406;rochester, mn
-407;chicago, il
-6550;fgv - funda\u00e7\u00e3o getulio vargas
-408;ocupop
-409;harbor high school
-410;ms product design
-411;madison, wi
-413;tcs
-6556;ernakulam
-415;holy family high school
-6558;cfa
-416;japan
-6559;i2 technologies
-417;d j sanghvi college of engg.
-418;ssc
-422;baltimore
-423;university of maryland baltimore county
-424;history
-426;rochester, ny
-427;lancaster, pa
-6570;visakapatnam
-428;ratingen
-429;universit\u00e0 degli studi di firenze
-430;ingegneria elettronica
-431;dusseldorf
-6574;nuclear engineering & materials science
-432;braga
-6575;information management
-433;val\u00eancia
-434;santos
-435;buenos aires
-6578;knoowy.com
-436;hong kong university of science and technology
-6580;fathom online marketing
-438;aiesec
-440;american international school
-6583;upr recinto de ciencias medicas
-443;\u4e0a\u6d77\u5e94\u7528\u6280\u672f\u5b66\u9662
-6588;universidade federal da bahia
-446;shanghai
-447;\u8ba1\u7b97\u673a\u56fe\u5f62\u8bbe\u8ba1
-448;alias encore, inc.
-449;brigham young university
-450;business management
-6593;western carolina university
-6595;computer science and information engineering
-453;shanghai, china
-454;liyang, jiangsu, china
-455;sap ag
-6598;roslyn, ny
-6599;engineering science
-6600;mathematic
-458;computer system technology
-459;publicidade e propaganda
-460;federal university of cear\u00e1
-462;nasa
-463;downpatrick
-464;arquitectura
-465;unet
-466;el tigre, venezuela
-467;banner & witcoff
-469;university of chicago law school
-6612;collierville
-470;electrical engineering, computer science, computer engineering
-471;calicut
-473;ph
-475;et
-476;.iki-bir {
-478;izmir
-6621;lic. contabilidad
-480;yeditepe \u00fcniversitesi
-6624;dnyan mandir, kalyan(e)
-482;coolfire media
-6626;nit rourkela
-485;granite city, il
-486;finsterwalde
-6629;business, information systems
-488;wellpoint inc
-6631;famous software
-489;allconnected inc
-6632;california state university, fresno
-6634;\u0448\u043a\u043e\u043b\u0430 \u21161265
-6635;cusat
-493;hood college
-494;mount saint mary's university
-496;ms computer science
-497;wells fargo
-498;infnet instituto
-499;design gr\u00e1fico
-500;treviso
-501;universit\u00e0 degli studi di palermo - corso di laurea in architettura
-6644;corona, ca
-502;citycenter informatica
-504;upgrade multimediale
-506;balestrate
-6650;amtc
-508;iuav universit\u00e0 degli studi di venezia - corso di laura in disegno industriale
-510;phoenix, az
-512;chandler, az
-515;st. aloysius college
-6658;\u0432\u0440\u0430\u0447 \u043f\u0435\u0434\u0438\u0430\u0442\u0440
-516;university of moratuwa
-517;bank of america
-518;wesleyan university
-519;jefferies
-520;mexico city
-6663;ing. informatica
-521;jammu
-6665;alessandria
-523;gokuraju rangaraju institute of engineering and techonology
-524;computers
-525;dri
-6668;marcus corporation
-6669;recording arts
-527;faculdade de letras, universidade de lisboa
-528;instituto superior de comunica\u00e7\u00e3o empresarial (iscem)
-530;miami
-531;austin
-532;kiev
-533;nyc
-535;raleigh
-536;boston
-538;vairams matriculation higher secondary school
-6682;thornlea high school
-540;infosys technologies limited
-541;sri venkateswara college of engineering
-6684;brigham young university, provo ut
-542;\u6578\u5b78\u7cfb
-543;\u6de1\u6c5f\u5927\u5b78
-544;nagoya
-545;osaka
-548;hanoi
-6692;dietetics and fitness & health
-550;private high school
-6693;zappos.com
-552;volang.net
-553;information technologie
-554;reea
-556;sapientia
-557;informatics
-6700;fotografia
-558;petru maior
-559;liberal arts
-6702;design com habilita\u00e7\u00e3o em comunica\u00e7\u00e3o visual e \u00eanfase em marketing
-561;collinsville, al
-562;dayton, tn
-563;boaz, al
-564;post graduate in marketing
-566;met
-567;indian school of business
-569;masters in marketing
-571;ra\u010dunalac
-6714;elektrotechnika
-572;ru\u0111er
-6715;z\u0161 a gymn\u00e1zium konice
-573;eski\u015fehir osmangazi \u00fcniversitesi
-574;elektrik elektronik m\u00fchendisli\u011fi
-575;internet
-6718;informa\u010dn\u00ed v\u00fdchova se zam\u011b\u0159en\u00edm na vzd\u011bl\u00e1v\u00e1n\u00ed
-576;eski\u015fehir
-6719;muchos (?)
-577;\u65e5\u672c
-6720;diploma
-578;montr\u00e9al
-579;supinfo
-580;master i
-6724;chapman university
-6725;brea
-583;wogata
-584;artfox
-6727;norwalk-la mirada unified school district
-585;pasadena city college
-586;gamestop
-592;g&a management consultants ltd, hong kong
-6735;psychology, fine art
-595;cambridge, uk
-6740;georgetown, ky
-598;university of essex, uk
-601;arinsal, andorra
-6744;\uc644\uc0b0\uc911\ud559\uad50
-602;geneva, switzerland
-603;cap ltd., london, uk
-6746;lacroix-falgarde
-605;m\u00fclheim an der ruhr
-607;sheffield
-612;tate modern
-613;royal college of art
-614;ma design interactions
-615;\u53f0\u7063
-616;harpers ferry, wv
-6759;\u00e1guilas
-618;gainesville, fl
-619;cincinnati, oh
-6762;alfonso esc\u00e1mez
-622;entertainment law
-624;university of california, berkeley
-625;freelance writer
-6768;bathurst, nsw, australia
-6769;student exchange
-627;sydney, nsw (aus)
-628;seattle, wa (usa)
-6771;kurukshetrs
-629;indian institute of technology delhi
-6772;kotkapura
-631;myadcorner.com
-634;acca
-636;+2
-639;shadwells institute of business and finance
-6783;print media
-6784;st.joseph's high school
-642;munnar catering college
-6785;tilar\u00e1n
-645;amat wipro s&p fannie mae unisys va
-646;chemical engineering
-647;pittsburgh, pa
-648;makerbot industries
-649;baltimore, md
-650;palo alto, ca
-6793;amritsar
-651;nashville, tn
-652;carnegie mellon university press
-653;waverly, tn
-654;rockville, md
-655;dream wizards
-6799;florence alabama
-657;letras
-658;universidade de bras\u00edlia
-659;instituto superior t\u00e9cnico
-660;instituto superior de economia e gest\u00e3o
-664;santa clara
-665;my tho
-666;property economics
-667;university of auckland
-668;westlake boys high school
-670;campbells bay school
-671;wellington
-673;finance and economics
-675;kingston, on
-6818;emgepron
-676;port lambton, ontario
-6820;\u6771\u4eac\u7406\u79d1\u5927\u5b66
-678;oxford, oh
-680;queen's university
-681;tundra productions
-682;goodtimes entertainment
-683;ucsf
-6826;tijuana
-6829;grene danmark
-6830;bocconi university, ms business administration - marketing
-688;brick, nj
-689;mathematics
-6835;voices.com
-693;goa
-695;university of bristol
-6838;thorndale, ontario
-696;mizuho international plc
-6839;msc-ca
-697;costar group
-698;university of bristol, bristol, avon, uk
-699;green lanes school, hatfield, uk
-700;efs technology
-6843;antioch high school
-701;clearlife limited
-704;bristol, avon, uk
-6847;chatsworth, ca
-705;hatfield, hertfordshire, uk
-706;madurai
-707;sboa matriculation hr sec school
-708;ms management in it services
-709;bizsciences pvt ltd
-710;bio maths
-713;san antonio, texas
-6859;t\u00e9c. inform\u00e1tica
-718;sri p v matriculation hr sec school
-721;dassault syst\u00e8mes
-722;information systems
-6865;hct
-723;pro-at.com
-724;university of california, irvine
-726;aas / iteam s\u00e9curit\u00e9
-6869;level artist
-727;imaginatio
-728;global business management & manufacturing planning and control engineering
-730;\u0440\u043e\u0441\u0441\u0438\u044f
-731;\u043c\u043e\u0441\u043a\u0432\u0430
-733;\u05ea\u05d5\u05d0\u05e8 \u05e9\u05e0\u05d9 \u05d1\u05e0\u05d9\u05d4\u05d5\u05dc \u05de\u05d9\u05d3\u05e2
-6878;yogyakarta
-736;smithtown, ny
-737;lima peru
-738;iquotos, peru
-739;albany
-6882;cadence design systems
-742;new york city
-743;thailand
-744;bangklok
-745;it
-6890;north gwinnett high school
-749;the peace corps
-751;momentum pr, pakistan
-6894;waseda university
-6895;pes
-6896;western australia
-754;mensa pakistan
-6897;new south wales
-755;mba - marketing
-756;lahore, pakistan
-757;dubai, united arab emirates
-6900;keck school of medicine of usc
-758;karachi, pakistan
-759;muhammad ali jinnah univesity, karachi
-762;asiatic pr pakistan (hill & knowlton)
-6905;blinn college
-763;islamabad, pakistan
-764;jakarta, indonesia
-765;zonguldak, istanbul, ankara
-768;warner bros. interactive entertainment
-6911;anglais
-770;film/animation/video
-6913;cadarcet
-771;clinical lab sciences
-772;denton, tx
-774;enid high
-6918;y.c.college
-776;uco
-777;digital graphics technology
-782;jakarta
-783;veronickai(dot)com
-786;indian institute of technology bombay
-6929;vranov nad toplou
-788;computer science and engineering
-789;cambridge school
-6932;airoli, navi mumbai
-790;oklahoma
-791;florida
-792;kansas
-793;virginia
-795;syunan yamaguchi japan
-798;yahoo!japan corp.
-799;kakaku.com,inc
-800;niigata  niigata japan
-6943;science & technologie de laboratoire, chimie
-801;niigata university
-6944;lyc\u00e9e arthur varoquaux
-802;\ud55c\uc591\ub300\ud559\uad50
-6945;iut nancy-brabois
-803;\ucef4\ud4e8\ud130\uacf5\ud559\uacfc
-804;cmd
-805;wassenaar
-806;delft
-6950;martinus.sk
-808;hogeschool rotterdam
-809;darlington
-6952;chifeng
-810;lincoln, united kingdom
-811;msc ca
-812;raipur, chhattisgarh
-814;symbiosis international university
-6958;sri indu college of engineering & technology
-816;university of the philippines, diliman
-817;fh joanneum
-818;graz
-820;aut
-821;nisoc
-6969;universidad de leiden
-827;k v g college of engineering, sullia
-829;mangalore
-831;bangalore , hosa road
-6974;communication & multimedia design
-832;\u0111\u1ea1i h\u1ecdc kinh t\u1ebf \u0111\u00e0 n\u1eb5ng
-833;sinh vi\u00ean
-6976;zoetermeer
-835;nova southeastern university
-6980;dept. computer science and information technology
-838;political science/criminal justice
-839;eau claire, wi
-841;university of michigan
-842;ann arbor, mi
-844;english
-846;cris lehman
-6989;widensolen
-6990;colmar
-848;grand prairie
-6991;cooper union
-850;university of texas at dallas
-851;\u5e7f\u4e1c
-852;\u5317\u4eac
-853;e-ticaret
-855;i\u015fletme
-856;ileti\u015fim sanatlar\u0131 / reklam
-857;anadolu university
-858;enox media
-861;tap publishing
-862;in touch media group
-863;dunedin, fl
-864;albert r. lewis elementary
-865;idstc.com
-870;pickens middle school
-871;hartwell, ga
-7016;goldman sachs
-7018;cogntive neuroscience
-876;pickens senior high
-877;pickens, sc
-7020;manhattan beach, ca
-879;ba
-880;ms
-881;phd
-884;the shipley shcool
-7032;gonzaga university
-891;jobsite theater
-892;university of south florida
-7037;ncr, hp, compaq
-895;bdo consulting
-896;san miguel industrial
-897;per\u00fa
-898;colegio am\u00e9rica del callao
-899;ipae
-7044;saratoga springs, ny
-7045;\u8d35\u9633
-903;iguala, guerrero
-904;finance master\u2019s degree
-905;itesm - egade
-907;mazars - freyssinier
-7050;city of fairfield
-908;b.a. accounting
-909;ecomor
-910;coca cola femsa s.a.b. de c.v
-911;schiemann harms medien
-913;freelancer
-915;\u043d\u0438\u0443 \u0432\u0448\u044d
-916;\u043c\u0433\u0443 \u0438\u043c. \u043b\u043e\u043c\u043e\u043d\u043e\u0441\u043e\u0432\u0430
-917;rohde & schwarz
-918;university of ulm
-919;qatar, doha
-7063;odenbach
-921;microsoft
-7064;morgan hill, ca
-923;lebanon, beirut
-7067;snap appliances
-925;microsoft certified master for sql server
-927;mcitp sql server administrator
-7070;wideorbit
-928;south korea, seoul, busan
-7071;epson
-929;jordan, amman
-930;bagalkot
-7073;b.tech computer science 4th year
-931;bijapur
-932;sanjay gandhi english medium school, mgmk english medium school, govt. boy school, v v b #7 , vb darbar, vbc high school, govinda das college
-7075;etermax
-933;conflux technologies
-935;te\u00f3filo otoni-mg
-936;novo oriente de minas-mg
-937;top\u00e1zio-mg
-938;calgary, ab
-940;communication studies
-7084;esquire photography
-7085;life's lessons
-943;texas wesleyan university
-7087;orange county
-7090;sri taralabalu pre university college
-7091;pesit
-949;activating design ltd.
-950;e-business
-951;university of ulster
-952;lisburn
-953;derry
-954;texthelp systems ltd.
-956;hochschule augsburg
-7099;incisive meida
-958;theologie
-961;universit\u00e4t augsburg
-7104;beijing, tianjin
-963;fos regensburg
-964;grundschule zeitlarn
-967;universit\u00e4t eichst\u00e4tt
-968;huelva
-969;wnyc radio
-970;hubspot
-7113;iim bangalore
-7114;intel india
-972;\u8305\u91ce
-973;ensino m\u00e9dio
-7116;sjce mysore
-974;s\u00e3o paulo
-975;presidente prudente
-976;ensino fundamental
-977;e. e. \jo\u00e3o firmino de campos\
-979;e. e. \dr. francisco borges vieira\
-980;\u8fb0\u91ce
-981;a2z development center
-982;irvine
-984;university of california irvine
-986;information & computer science
-987;middletown
-988;christchurch
-989;n\u00fcrnberg
-990;scottsdale, az
-993;warwick, ri
-994;rio de janeiro, brasil
-998;mehsana , gujarat
-1000;anhembi morumbi university
-1002;youtube.com/luigiemattia
-7146;global dvd
-7147;\u043e\u0433\u043e\u0443\u043d\u043f\u043e\u043f\u043b \u211628
-1005;sky and the earth
-7148;\u0441\u0442\u044b\u0434\u043d\u043e \u0441\u043a\u0430\u0437\u0430\u0442\u044c...
-1006;tirupati
-1008;mcmaster-carr
-1009;vernier software and technology
-7153;thpt nguy\u1ec5n b\u1ec9nh khi\u00eam
-7154;ho chi minh city university of science
-7155;guaratinguet\u00e1, sp
-1013;fern ridge school district
-7156;petersburg, alaska
-1014;hillsboro, or
-1015;carleton college
-7159;ghd group
-1017;eugene, oregon
-1019;s3b development company
-1025;honeywell
-1028;santa flora trinidad and tobago
-1029;somerville, ma
-7172;konya
-1030;seattle
-1031;economics
-7176;gracepoint, inc.
-1034;arcadia, ca
-1035;design
-7178;north atlantic, gaborone
-1036;national autonomous university of mexico
-7179;lusaka
-1037;mechatronics
-7180;trinity lyceum
-1041;ged
-1044;dataingeni\u00f8r
-1045;h\u00f8gskolen i s\u00f8r-tr\u00f8ndelag
-1046;trondheim
-1049;fanor
-1050;c7s
-1051;ifce
-1052;usix technology
-7195;ing. electronica y telecomunicaciones
-1054;scca
-1055;csie
-1056;ee
-1057;nsysu
-1058;nctu
-1059;queenatown
-1060;\u5b97\u6559\u6559\u80b2
-7203;bellary
-1062;shenzhen
-1064;tailand
-7208;\u0111\u00f4ng ri
-1067;greenice
-7210;t\u0111t
-1068;\u043c\u0433\u0443
-1070;university of calgary
-1071;c.n.s.a
-1072;houghton, mi
-7215;cargroup holdings
-1073;troy, mi
-1074;michigan technological university
-1075;course 6-2 (eecs)
-1077;faculdade de tecnologia senac
-1078;design grafico
-1080;paderborn
-7225;al dobowi
-7226;mahindra & mahindra limited
-1084;bokaro
-1085;brdav
-1086;pisa
-1088;venice
-1089;senior secondary school
-1090;universit\u00e4t paderborn
-1091;mechanical enginnering
-7234;mikulov
-1094;\u5bcc\u5c71\u770c\u6771\u783a\u6ce2\u90e1\u4e95\u6ce2\u753a\u7acb\u4e95\u6ce2\u5c0f\u5b66\u6821
-1095;\u5bcc\u5c71\u770c\u7acb\u798f\u91ce\u9ad8\u6821
-1097;\u7269\u7406\u5b66\u79d1
-1098;\u8907\u96d1\u7cfb\u6570\u7406
-7241;halewood community comprehensive school
-1099;karlsruhe institute of technology
-7244;national public school
-1102;fayetteville state university
-1107;ankeny iowa
-7251;the huffington post
-1109;des moines area community college
-7253;arya central school
-1111;midwestone bank
-1113;albany, ny
-1116;ecole sup\u00e9rieure d'electronique de l'ouest
-1117;information age ltd
-1119;tata consultancy services
-1122;hattiesburg, ms
-7270;australian research centre for sex, health and society
-1130;helsinki
-1131;copenhagen
-1134;red associates
-1135;amsterdam
-1136;national cancer institute
-1137;norfolk, va
-1139;new college of florida
-7282;sawdust festival
-1142;panama, panama
-1143;maryknoll school
-1145;saic-frederick, inc.
-7288;kannur university
-1146;zooppa.com
-7289;kerala,karnataka,up,uk,delhi,haryana,gujarat,himachal pradesh,rajastan,chattisgarh
-1147;bhilai
-1148;new port richey
-1150;skill
-7293;wesley owen
-1151;cna
-1152;ccaa
-1153;cultura inglesa
-1155;dl elt consultancy
-1156;col\u00e9gio dom bosco
-1158;unimep (campus avan\u00e7ado)
-1160;porto velho
-1161;jndata a/s
-1162;rohm and haas
-1163;coriell medical research institute
-1164;aramark
-1166;telamerica media inc
-1167;temple university
-7310;bvb
-1168;lowndes high
-1169;nc
-1170;phoenix inn suites
-1174;renata limited
-1177;gimnazija m.a.reljkovi\u0107
-1178;vinkovci
-7321;electrical engg
-1179;k-informatika
-1180;sveu\u010dili\u0161te u splitu
-1181;ra\u010dunastvo
-1182;exeter
-1186;cajana
-7330;national high school
-1188;masters of science, information systems
-1189;computer science, mathematics
-1190;brandon
-1191;tampa
-1192;jacksonville
-1193;stetson university college of law
-1194;land o lakes
-7337;noblis inc.
-1195;carteret, nj
-1196;lincoln ave
-1197;university of punjab lahore, pakistan
-7340;uofc cs maclab
-1198;webstudio786.com
-7341;nguy\u1ec5n \u0111\u00ecnh chi\u1ec3u
-1199;university of british columbia
-1200;dalhousie university
-1201;edmonton, ab
-1202;\u5357\u4eac
-1203;anhui university of science and technology
-1204;industrial design
-1205;\u6210\u90fd
-1207;\u6dee\u5357
-1211;guntur, india
-1212;viskhapatnam, india
-7355;tahiti
-1213;vijayawada, india
-7358;st. paul's lutheran school
-1216;new orleans la, fremont ca, santa cruz ca, san jose, ca, valencia ca, venice ca, boise id, wilmington de
-1217;itt technical institute
-1218;harveynash
-1219;california
-1222;prague
-1223;singapore
-7366;minsk
-1224;jc car care
-1227;saint charles county government
-1228;st. charles, mo
-1231;diploma in business
-1233;queensland university of technology
-7376;universit\u00e4t duisburg
-1235;bachelor of business (international business)
-7380;informatique et syst\u00e8mes industries
-1238;university of calicut
-1240;b-tech
-1242;................................. st.thomas h.s.s , mayannur,thrissur
-1243;..................................university of calicut
-7386;montclair high school
-1244;...............
-1247;instituto santa rosa
-1248;cabo frio
-1249;meerbeek
-1250;leuven
-1251;colegio avant garde
-7396;pooler,ga
-1254;ka redingenhof
-1255;gbs vossem
-1259;de wijnpers
-1260;boondoggle
-1261;gymn\u00e1zium jakuba \u0161kody
-1262;medford, ma
-1263;plymouth, ma
-1264;malden, ma
-7409;buda, texas
-1269;georgetown university
-1270;cognitive neuroscience
-1271;medicine
-7414;pontificia universidad  cat\u00f3lica madre y maestra
-1272;university of denver
-1277;tsinghua university
-7422;the latymer school
-1282;neadwerx
-1283;buford, ga
-7426;u.s. cellular
-1284;research think tank, inc.
-1286;easyautosales.com
-1289;valdosta, ga
-7434;bronco ltd
-7438;nike, inc.
-1296;west chester, oh
-1297;integrated marketing communications
-7440;pescara, italy
-1298;lagrange, il
-7442;tangent one
-1300;alpharetta, ga
-7444;spg media
-7447;bar\u00e3o de cotegipe-rs
-1305;liceo scientifico \e.fermi\ di bari
-1306;consulenza professionale per le aziende
-1307;univerit\u00e0 degli studi di bari
-7450;chapeco-sc
-1308;chinmaya vidyalaya
-1309;bangalore,karnataka
-1310;palani,tamilnadu
-1311;chennai,tamilnadu
-1313;kamleithner budapest kft.
-1314;sikorsky aircraft
-1317;iit delhi
-1318;morgan stanley
-1319;national taipei university of education
-7462;ipsa
-1320;china university of technology
-7465;deust emi
-7466;brosville
-1324;idf - navy
-7473;yap\u00b4 ag\u00eancia
-1332;dexem
-1336;ut k-16
-7480;selkirk college
-1338;radio - television - film
-7481;ladner
-1339;university of texas at austin
-7483;patna, india
-1341;jennifer tai photo artistry
-7485;kharagpur, india
-1344;texas state university
-1345;university of texas at san antonio
-1348;general
-1350;\u0449\u0451\u043b\u043a\u043e\u0432\u043e
-1351;universit\u00e0 di catania
-1352;\u0442\u043e\u043c\u0441\u043a
-1356;canterbury, kent
-1357;charles darwin school
-1359;canterbury christ church university
-7502;b.tech biomedical engineering
-1360;north devon college
-1361;pontificia universidad cat\u00f3lica de chile
-7504;fesurv
-1362;technical university of berlin
-1364;santiago, chile
-1365;international house prolog - berlin-
-1366;cordoba, argentina
-1367;bilbao, spain
-1368;geod chile ltda.
-1369;liceo pablo neruda-temuco.
-1370;temuco, chile
-1371;goethe institut -chile\u2013
-1373;liceo camilo henr\u00edquez-temuco.
-7516;profitbysearch
-1374;j. reuben clark law school
-1375;imaginary properties llc
-1376;utah supreme court
-7519;a1technology
-1377;philosophy
-7520;roper
-1379;earthling
-7522;rieit
-1381;\u0431\u0438\u043b\u0430\u0439\u043d
-1383;fisciano
-1384;nice
-1385;wien
-1386;laholm
-1387;chalmers university of technology
-1388;g\u00f6teborg
-1390;software engineering
-1392;crma
-1395;ecole estienne
-1396;paris (france)
-7539;muadzam shah, pahang
-7541;malaysia airlines
-1399;vincennes (france)
-1401;estienne
-1402;lyc\u00e9e charles de gaulle
-1403;the grand union
-1407;frederik muller academie
-1409;katwijk aan zee
-1410;bdi
-7554;pt infomedia nusantara
-1412;albert heijn
-1415;tilburg
-1416;business engineering
-1417;han arnhem
-7560;acs
-1418;roosendaal
-7561;universidad privada boliviana
-1419;for myself
-1420;arnhem
